organic_chemical	affects	cell_function
hormone	causes	mental_or_behavioral_dysfunction
acquired_abnormality	complicates	anatomical_abnormality
gene_or_genome	location_of	organ_or_tissue_function
anatomical_abnormality	manifestation_of	genetic_function
mental_process	affects	human
governmental_or_regulatory_activity	associated_with	experimental_model_of_disease
organ_or_tissue_function	process_of	disease_or_syndrome
disease_or_syndrome	process_of	archaeon
receptor	interacts_with	hazardous_or_poisonous_substance
amino_acid_peptide_or_protein	interacts_with	biomedical_or_dental_material
immunologic_factor	causes	experimental_model_of_disease
temporal_concept	conceptual_part_of	organ_or_tissue_function
acquired_abnormality	occurs_in	population_group
cell	location_of	bacterium
cell_or_molecular_dysfunction	associated_with	clinical_attribute
nucleic_acid_nucleoside_or_nucleotide	interacts_with	chemical_viewed_functionally
food	affects	molecular_function
cell_or_molecular_dysfunction	complicates	anatomical_abnormality
pathologic_function	occurs_in	group
cell_function	process_of	rickettsia_or_chlamydia
pharmacologic_substance	disrupts	embryonic_structure
biologic_function	process_of	experimental_model_of_disease
congenital_abnormality	issue_in	biomedical_occupation_or_discipline
organism_function	precedes	molecular_function
enzyme	complicates	cell_or_molecular_dysfunction
nucleic_acid_nucleoside_or_nucleotide	affects	natural_phenomenon_or_process
cell_or_molecular_dysfunction	occurs_in	group
behavior	manifestation_of	mental_process
organism_function	result_of	environmental_effect_of_humans
cell_function	process_of	invertebrate
acquired_abnormality	part_of	bird
cell	location_of	experimental_model_of_disease
rickettsia_or_chlamydia	interacts_with	bacterium
clinical_attribute	property_of	plant
vitamin	disrupts	embryonic_structure
gene_or_genome	produces	immunologic_factor
physiologic_function	produces	enzyme
natural_phenomenon_or_process	affects	mental_process
vitamin	affects	organism_function
organism_function	precedes	physiologic_function
neoplastic_process	occurs_in	group
molecular_function	process_of	mental_process
group	uses	regulation_or_law
bacterium	isa	physical_object
social_behavior	associated_with	family_group
organism_attribute	isa	entity
cell	produces	lipid
mental_process	result_of	cell_function
antibiotic	interacts_with	vitamin
diagnostic_procedure	assesses_effect_of	hazardous_or_poisonous_substance
family_group	performs	individual_behavior
vitamin	interacts_with	immunologic_factor
virus	causes	disease_or_syndrome
laboratory_procedure	assesses_effect_of	chemical_viewed_structurally
laboratory_procedure	assesses_effect_of	carbohydrate
neoplastic_process	affects	bird
archaeon	interacts_with	organism
tissue	part_of	vertebrate
congenital_abnormality	occurs_in	age_group
neoplastic_process	produces	immunologic_factor
embryonic_structure	isa	physical_object
biologically_active_substance	affects	physiologic_function
chemical_viewed_functionally	causes	experimental_model_of_disease
physiologic_function	affects	reptile
receptor	causes	anatomical_abnormality
natural_phenomenon_or_process	result_of	genetic_function
biologic_function	result_of	human_caused_phenomenon_or_process
cell_or_molecular_dysfunction	manifestation_of	mental_or_behavioral_dysfunction
organism_attribute	measurement_of	physiologic_function
cell_function	process_of	reptile
laboratory_or_test_result	manifestation_of	mental_or_behavioral_dysfunction
laboratory_or_test_result	measurement_of	hormone
body_part_organ_or_organ_component	adjacent_to	tissue
cell_or_molecular_dysfunction	precedes	pathologic_function
bird	issue_in	occupation_or_discipline
cell_or_molecular_dysfunction	complicates	disease_or_syndrome
lipid	isa	organic_chemical
intellectual_product	issue_in	occupation_or_discipline
physiologic_function	affects	neoplastic_process
anatomical_abnormality	result_of	mental_or_behavioral_dysfunction
pathologic_function	result_of	injury_or_poisoning
professional_society	issue_in	occupation_or_discipline
rickettsia_or_chlamydia	interacts_with	fish
enzyme	disrupts	organism_function
anatomical_abnormality	result_of	biologic_function
laboratory_procedure	assesses_effect_of	mental_process
disease_or_syndrome	affects	virus
experimental_model_of_disease	degree_of	disease_or_syndrome
organism_function	isa	physiologic_function
disease_or_syndrome	associated_with	organism_attribute
natural_phenomenon_or_process	result_of	experimental_model_of_disease
cell_or_molecular_dysfunction	complicates	mental_or_behavioral_dysfunction
biologic_function	result_of	anatomical_abnormality
neoplastic_process	affects	cell_function
neuroreactive_substance_or_biogenic_amine	ingredient_of	clinical_drug
molecular_biology_research_technique	isa	activity
nucleic_acid_nucleoside_or_nucleotide	interacts_with	amino_acid_peptide_or_protein
daily_or_recreational_activity	associated_with	cell_or_molecular_dysfunction
organism_function	result_of	genetic_function
inorganic_chemical	affects	mental_process
organism_function	result_of	injury_or_poisoning
family_group	produces	manufactured_object
pathologic_function	process_of	bacterium
tissue	part_of	alga
cell	produces	biologically_active_substance
neuroreactive_substance_or_biogenic_amine	complicates	mental_or_behavioral_dysfunction
patient_or_disabled_group	produces	drug_delivery_device
neoplastic_process	isa	event
conceptual_entity	issue_in	biomedical_occupation_or_discipline
self_help_or_relief_organization	manages	patient_or_disabled_group
chemical_viewed_structurally	isa	substance
antibiotic	treats	sign_or_symptom
family_group	isa	group
genetic_function	process_of	human
hazardous_or_poisonous_substance	affects	mental_or_behavioral_dysfunction
anatomical_structure	part_of	archaeon
alga	interacts_with	rickettsia_or_chlamydia
group	isa	conceptual_entity
laboratory_or_test_result	indicates	acquired_abnormality
tissue	part_of	animal
rickettsia_or_chlamydia	location_of	hormone
fungus	interacts_with	fish
acquired_abnormality	associated_with	organism_attribute
disease_or_syndrome	process_of	cell_or_molecular_dysfunction
organism_function	process_of	invertebrate
family_group	exhibits	behavior
nucleic_acid_nucleoside_or_nucleotide	interacts_with	biologically_active_substance
diagnostic_procedure	assesses_effect_of	chemical
inorganic_chemical	isa	substance
mental_or_behavioral_dysfunction	result_of	experimental_model_of_disease
organ_or_tissue_function	result_of	human_caused_phenomenon_or_process
anatomical_abnormality	affects	mental_process
body_part_organ_or_organ_component	produces	steroid
physiologic_function	result_of	organism_function
disease_or_syndrome	co-occurs_with	cell_or_molecular_dysfunction
behavior	associated_with	biomedical_occupation_or_discipline
laboratory_procedure	measures	eicosanoid
mental_process	process_of	organism_function
professional_society	carries_out	educational_activity
organic_chemical	affects	pathologic_function
self_help_or_relief_organization	carries_out	therapeutic_or_preventive_procedure
laboratory_or_test_result	manifestation_of	genetic_function
genetic_function	precedes	mental_process
laboratory_or_test_result	associated_with	acquired_abnormality
antibiotic	ingredient_of	clinical_drug
body_part_organ_or_organ_component	connected_to	body_substance
immunologic_factor	causes	anatomical_abnormality
invertebrate	issue_in	occupation_or_discipline
biologic_function	isa	event
immunologic_factor	disrupts	embryonic_structure
enzyme	complicates	injury_or_poisoning
health_care_activity	affects	cell_function
injury_or_poisoning	disrupts	organism_function
embryonic_structure	issue_in	biomedical_occupation_or_discipline
enzyme	affects	molecular_function
sign_or_symptom	manifestation_of	anatomical_abnormality
drug_delivery_device	isa	manufactured_object
fully_formed_anatomical_structure	produces	organophosphorus_compound
amphibian	interacts_with	human
congenital_abnormality	manifestation_of	pathologic_function
laboratory_procedure	assesses_effect_of	molecular_function
laboratory_or_test_result	measurement_of	biologically_active_substance
functional_concept	result_of	mental_process
organ_or_tissue_function	affects	fungus
mental_or_behavioral_dysfunction	process_of	experimental_model_of_disease
medical_device	causes	pathologic_function
anatomical_structure	part_of	animal
physiologic_function	process_of	fungus
cell	isa	fully_formed_anatomical_structure
bacterium	interacts_with	vertebrate
body_part_organ_or_organ_component	location_of	disease_or_syndrome
intellectual_product	isa	entity
research_activity	measures	natural_phenomenon_or_process
lipid	affects	genetic_function
fungus	interacts_with	bird
hazardous_or_poisonous_substance	complicates	mental_process
cell_component	part_of	fish
qualitative_concept	isa	conceptual_entity
neuroreactive_substance_or_biogenic_amine	causes	congenital_abnormality
fully_formed_anatomical_structure	produces	biologically_active_substance
social_behavior	isa	event
injury_or_poisoning	complicates	mental_or_behavioral_dysfunction
tissue	part_of	reptile
neoplastic_process	process_of	amphibian
enzyme	disrupts	body_part_organ_or_organ_component
molecular_function	result_of	mental_process
body_part_organ_or_organ_component	part_of	fungus
chemical_viewed_structurally	interacts_with	nucleic_acid_nucleoside_or_nucleotide
neuroreactive_substance_or_biogenic_amine	affects	experimental_model_of_disease
disease_or_syndrome	result_of	pathologic_function
experimental_model_of_disease	manifestation_of	molecular_function
disease_or_syndrome	associated_with	neoplastic_process
congenital_abnormality	result_of	injury_or_poisoning
congenital_abnormality	occurs_in	group
organism_function	process_of	genetic_function
biologic_function	process_of	invertebrate
phenomenon_or_process	isa	event
neoplastic_process	precedes	mental_or_behavioral_dysfunction
neoplastic_process	result_of	cell_function
laboratory_or_test_result	evaluation_of	organ_or_tissue_function
neoplastic_process	affects	genetic_function
organ_or_tissue_function	co-occurs_with	cell_function
medical_device	causes	acquired_abnormality
disease_or_syndrome	conceptually_related_to	experimental_model_of_disease
organism_attribute	property_of	human
behavior	associated_with	geographic_area
chemical_viewed_structurally	causes	congenital_abnormality
organism_function	result_of	human_caused_phenomenon_or_process
genetic_function	affects	organism_function
immunologic_factor	affects	disease_or_syndrome
chemical_viewed_structurally	causes	pathologic_function
age_group	interacts_with	patient_or_disabled_group
pathologic_function	result_of	genetic_function
nucleic_acid_nucleoside_or_nucleotide	affects	cell_function
physiologic_function	occurs_in	temporal_concept
mental_process	co-occurs_with	molecular_function
quantitative_concept	measurement_of	spatial_concept
anatomical_abnormality	occurs_in	family_group
laboratory_or_test_result	manifestation_of	disease_or_syndrome
cell_component	location_of	therapeutic_or_preventive_procedure
phenomenon_or_process	result_of	human_caused_phenomenon_or_process
physiologic_function	affects	clinical_attribute
disease_or_syndrome	degree_of	neoplastic_process
health_care_related_organization	location_of	educational_activity
enzyme	disrupts	organ_or_tissue_function
educational_activity	isa	event
molecular_function	process_of	alga
geographic_area	associated_with	neoplastic_process
receptor	affects	pathologic_function
natural_phenomenon_or_process	affects	biologic_function
tissue	location_of	injury_or_poisoning
cell_component	part_of	plant
organ_or_tissue_function	result_of	genetic_function
virus	interacts_with	invertebrate
individual_behavior	associated_with	population_group
fully_formed_anatomical_structure	location_of	acquired_abnormality
disease_or_syndrome	result_of	organism_function
social_behavior	affects	individual_behavior
biologic_function	affects	animal
patient_or_disabled_group	produces	classification
injury_or_poisoning	result_of	biologic_function
fish	interacts_with	human
daily_or_recreational_activity	isa	activity
body_part_organ_or_organ_component	produces	amino_acid_peptide_or_protein
molecular_function	affects	clinical_attribute
genetic_function	result_of	organism_function
pathologic_function	result_of	social_behavior
indicator_reagent_or_diagnostic_aid	affects	cell_or_molecular_dysfunction
mental_or_behavioral_dysfunction	complicates	neoplastic_process
cell_function	process_of	mental_or_behavioral_dysfunction
organ_or_tissue_function	affects	plant
clinical_drug	issue_in	occupation_or_discipline
clinical_attribute	manifestation_of	cell_function
molecular_function	isa	physiologic_function
disease_or_syndrome	precedes	mental_or_behavioral_dysfunction
cell_function	affects	pathologic_function
receptor	associated_with	virus
environmental_effect_of_humans	result_of	organism_function
pathologic_function	issue_in	biomedical_occupation_or_discipline
cell_or_molecular_dysfunction	process_of	archaeon
enzyme	affects	experimental_model_of_disease
laboratory_procedure	affects	physiologic_function
molecular_function	process_of	bacterium
group	performs	governmental_or_regulatory_activity
immunologic_factor	indicates	disease_or_syndrome
vertebrate	exhibits	social_behavior
individual_behavior	result_of	mental_process
cell_or_molecular_dysfunction	process_of	organ_or_tissue_function
cell_or_molecular_dysfunction	affects	mammal
mental_or_behavioral_dysfunction	manifestation_of	molecular_function
pathologic_function	process_of	biologic_function
experimental_model_of_disease	affects	organism
medical_device	causes	injury_or_poisoning
spatial_concept	isa	idea_or_concept
congenital_abnormality	co-occurs_with	anatomical_abnormality
carbohydrate	interacts_with	biologically_active_substance
age_group	performs	individual_behavior
physiologic_function	result_of	mental_or_behavioral_dysfunction
antibiotic	affects	biologic_function
congenital_abnormality	location_of	virus
cell_function	result_of	human_caused_phenomenon_or_process
anatomical_abnormality	result_of	diagnostic_procedure
group_attribute	issue_in	biomedical_occupation_or_discipline
cell	part_of	tissue
molecular_function	affects	cell_or_molecular_dysfunction
tissue	produces	vitamin
reptile	issue_in	biomedical_occupation_or_discipline
molecular_function	process_of	human
laboratory_or_test_result	evaluation_of	mental_or_behavioral_dysfunction
virus	interacts_with	vertebrate
clinical_attribute	result_of	cell_function
cell_function	result_of	organ_or_tissue_function
medical_device	isa	entity
gene_or_genome	part_of	archaeon
organism_function	issue_in	occupation_or_discipline
disease_or_syndrome	affects	genetic_function
professional_society	isa	organization
genetic_function	process_of	mental_process
biologic_function	process_of	cell_or_molecular_dysfunction
mental_process	occurs_in	temporal_concept
health_care_related_organization	isa	organization
gene_or_genome	produces	lipid
organ_or_tissue_function	produces	body_substance
receptor	ingredient_of	clinical_drug
patient_or_disabled_group	produces	regulation_or_law
indicator_reagent_or_diagnostic_aid	issue_in	occupation_or_discipline
pharmacologic_substance	disrupts	fully_formed_anatomical_structure
mammal	issue_in	occupation_or_discipline
molecular_function	issue_in	occupation_or_discipline
molecular_biology_research_technique	measures	organic_chemical
food	causes	acquired_abnormality
mental_or_behavioral_dysfunction	degree_of	pathologic_function
group	produces	classification
phenomenon_or_process	result_of	genetic_function
body_substance	causes	experimental_model_of_disease
physiologic_function	produces	receptor
body_space_or_junction	part_of	body_part_organ_or_organ_component
lipid	interacts_with	enzyme
physiologic_function	issue_in	occupation_or_discipline
physiologic_function	process_of	bacterium
disease_or_syndrome	affects	invertebrate
mental_process	process_of	natural_phenomenon_or_process
finding	evaluation_of	disease_or_syndrome
cell	location_of	cell_or_molecular_dysfunction
hormone	disrupts	cell_function
finding	manifestation_of	injury_or_poisoning
acquired_abnormality	result_of	molecular_function
laboratory_or_test_result	measurement_of	amino_acid_peptide_or_protein
fully_formed_anatomical_structure	part_of	mammal
eicosanoid	interacts_with	immunologic_factor
physiologic_function	process_of	biologic_function
steroid	isa	chemical_viewed_structurally
inorganic_chemical	affects	genetic_function
molecular_biology_research_technique	isa	event
organism_function	process_of	cell_or_molecular_dysfunction
inorganic_chemical	affects	pathologic_function
experimental_model_of_disease	co-occurs_with	pathologic_function
neoplastic_process	occurs_in	disease_or_syndrome
self_help_or_relief_organization	carries_out	governmental_or_regulatory_activity
inorganic_chemical	causes	acquired_abnormality
biologically_active_substance	complicates	cell_or_molecular_dysfunction
intellectual_product	issue_in	biomedical_occupation_or_discipline
laboratory_procedure	associated_with	acquired_abnormality
experimental_model_of_disease	process_of	cell_function
genetic_function	affects	bacterium
mental_process	produces	enzyme
cell_function	result_of	injury_or_poisoning
enzyme	disrupts	mental_process
anatomical_abnormality	occurs_in	professional_or_occupational_group
disease_or_syndrome	result_of	anatomical_abnormality
cell_or_molecular_dysfunction	affects	mental_or_behavioral_dysfunction
disease_or_syndrome	process_of	natural_phenomenon_or_process
element_ion_or_isotope	affects	physiologic_function
regulation_or_law	issue_in	occupation_or_discipline
tissue	part_of	mammal
congenital_abnormality	result_of	organ_or_tissue_function
pharmacologic_substance	interacts_with	enzyme
chemical_viewed_functionally	isa	chemical
biologically_active_substance	complicates	biologic_function
medical_device	treats	anatomical_abnormality
tissue	location_of	anatomical_abnormality
amino_acid_peptide_or_protein	affects	organism_function
organ_or_tissue_function	result_of	environmental_effect_of_humans
congenital_abnormality	manifestation_of	mental_process
congenital_abnormality	result_of	neoplastic_process
disease_or_syndrome	result_of	neoplastic_process
immunologic_factor	complicates	mental_or_behavioral_dysfunction
receptor	complicates	cell_function
congenital_abnormality	affects	molecular_function
laboratory_or_test_result	indicates	biologic_function
inorganic_chemical	interacts_with	indicator_reagent_or_diagnostic_aid
therapeutic_or_preventive_procedure	associated_with	injury_or_poisoning
population_group	interacts_with	group
biologic_function	process_of	physiologic_function
cell_or_molecular_dysfunction	process_of	bacterium
injury_or_poisoning	result_of	individual_behavior
family_group	produces	drug_delivery_device
finding	evaluation_of	genetic_function
experimental_model_of_disease	process_of	alga
amino_acid_peptide_or_protein	issue_in	occupation_or_discipline
therapeutic_or_preventive_procedure	affects	mental_or_behavioral_dysfunction
body_part_organ_or_organ_component	produces	immunologic_factor
acquired_abnormality	affects	fungus
antibiotic	interacts_with	hazardous_or_poisonous_substance
laboratory_procedure	analyzes	indicator_reagent_or_diagnostic_aid
cell_component	affects	physiologic_function
cell_function	process_of	vertebrate
immunologic_factor	disrupts	cell
cell_or_molecular_dysfunction	affects	genetic_function
population_group	performs	social_behavior
animal	interacts_with	vertebrate
educational_activity	associated_with	congenital_abnormality
neoplastic_process	affects	molecular_function
neoplastic_process	affects	invertebrate
environmental_effect_of_humans	result_of	cell_or_molecular_dysfunction
finding	evaluation_of	mental_process
neoplastic_process	produces	biologically_active_substance
physiologic_function	process_of	vertebrate
acquired_abnormality	result_of	biologic_function
hazardous_or_poisonous_substance	disrupts	body_part_organ_or_organ_component
biologic_function	result_of	experimental_model_of_disease
plant	location_of	neuroreactive_substance_or_biogenic_amine
drug_delivery_device	treats	experimental_model_of_disease
carbohydrate	issue_in	biomedical_occupation_or_discipline
disease_or_syndrome	complicates	anatomical_abnormality
physiologic_function	result_of	genetic_function
physiologic_function	precedes	cell_function
pharmacologic_substance	interacts_with	antibiotic
mental_process	isa	event
research_activity	measures	physiologic_function
cell_or_molecular_dysfunction	process_of	biologic_function
finding	associated_with	pathologic_function
biologically_active_substance	disrupts	fully_formed_anatomical_structure
injury_or_poisoning	complicates	acquired_abnormality
research_activity	measures	organ_or_tissue_function
steroid	affects	physiologic_function
anatomical_abnormality	manifestation_of	molecular_function
rickettsia_or_chlamydia	interacts_with	invertebrate
educational_activity	associated_with	experimental_model_of_disease
molecular_biology_research_technique	measures	indicator_reagent_or_diagnostic_aid
neuroreactive_substance_or_biogenic_amine	complicates	cell_or_molecular_dysfunction
pharmacologic_substance	interacts_with	receptor
pharmacologic_substance	issue_in	occupation_or_discipline
family_group	uses	classification
enzyme	interacts_with	indicator_reagent_or_diagnostic_aid
pharmacologic_substance	interacts_with	indicator_reagent_or_diagnostic_aid
biomedical_or_dental_material	interacts_with	hormone
mental_or_behavioral_dysfunction	produces	receptor
cell_or_molecular_dysfunction	process_of	reptile
anatomical_abnormality	isa	anatomical_structure
organism_function	result_of	natural_phenomenon_or_process
acquired_abnormality	manifestation_of	mental_process
pathologic_function	isa	natural_phenomenon_or_process
molecular_function	process_of	experimental_model_of_disease
diagnostic_procedure	uses	medical_device
sign_or_symptom	associated_with	mental_or_behavioral_dysfunction
biologically_active_substance	complicates	cell_function
laboratory_procedure	associated_with	cell_or_molecular_dysfunction
anatomical_abnormality	manifestation_of	organism_function
group	performs	health_care_activity
professional_or_occupational_group	manages	professional_society
cell_or_molecular_dysfunction	result_of	mental_or_behavioral_dysfunction
organ_or_tissue_function	affects	organism_attribute
organism_function	result_of	congenital_abnormality
inorganic_chemical	isa	chemical_viewed_structurally
alga	interacts_with	mammal
cell	isa	physical_object
mental_process	process_of	mammal
hazardous_or_poisonous_substance	disrupts	genetic_function
vitamin	disrupts	cell_function
clinical_attribute	result_of	neoplastic_process
reptile	interacts_with	archaeon
organism_function	affects	organism
rickettsia_or_chlamydia	interacts_with	human
body_space_or_junction	conceptual_part_of	body_system
element_ion_or_isotope	affects	pathologic_function
immunologic_factor	disrupts	fully_formed_anatomical_structure
virus	interacts_with	rickettsia_or_chlamydia
genetic_function	isa	event
clinical_attribute	result_of	disease_or_syndrome
cell_function	process_of	virus
nucleic_acid_nucleoside_or_nucleotide	isa	organic_chemical
congenital_abnormality	location_of	neoplastic_process
anatomical_abnormality	location_of	neoplastic_process
health_care_related_organization	location_of	research_activity
experimental_model_of_disease	manifestation_of	injury_or_poisoning
experimental_model_of_disease	process_of	virus
physiologic_function	result_of	pathologic_function
disease_or_syndrome	affects	bird
amino_acid_peptide_or_protein	interacts_with	receptor
hazardous_or_poisonous_substance	isa	physical_object
organism_function	affects	invertebrate
biologically_active_substance	affects	organism_function
diagnostic_procedure	associated_with	acquired_abnormality
cell	part_of	alga
lipid	interacts_with	antibiotic
disease_or_syndrome	affects	mental_or_behavioral_dysfunction
tissue	location_of	body_space_or_junction
acquired_abnormality	affects	organism
experimental_model_of_disease	affects	organ_or_tissue_function
element_ion_or_isotope	affects	genetic_function
gene_or_genome	location_of	congenital_abnormality
inorganic_chemical	affects	cell_or_molecular_dysfunction
organ_or_tissue_function	result_of	disease_or_syndrome
vitamin	complicates	pathologic_function
food	affects	organism_function
fully_formed_anatomical_structure	location_of	mental_or_behavioral_dysfunction
immunologic_factor	disrupts	physiologic_function
organ_or_tissue_function	affects	archaeon
eicosanoid	causes	cell_or_molecular_dysfunction
genetic_function	affects	fish
cell_function	affects	organ_or_tissue_function
anatomical_abnormality	part_of	virus
drug_delivery_device	prevents	mental_or_behavioral_dysfunction
molecular_biology_research_technique	associated_with	mental_or_behavioral_dysfunction
body_substance	causes	anatomical_abnormality
food	causes	pathologic_function
mental_or_behavioral_dysfunction	process_of	fish
research_device	issue_in	occupation_or_discipline
professional_society	location_of	occupational_activity
laboratory_or_test_result	indicates	molecular_function
biologically_active_substance	isa	physical_object
diagnostic_procedure	associated_with	injury_or_poisoning
medical_device	issue_in	occupation_or_discipline
professional_or_occupational_group	issue_in	biomedical_occupation_or_discipline
pathologic_function	affects	cell_or_molecular_dysfunction
congenital_abnormality	affects	fish
sign_or_symptom	issue_in	occupation_or_discipline
acquired_abnormality	result_of	mental_or_behavioral_dysfunction
antibiotic	complicates	pathologic_function
cell_or_molecular_dysfunction	result_of	anatomical_abnormality
amino_acid_sequence	isa	conceptual_entity
antibiotic	causes	mental_or_behavioral_dysfunction
anatomical_abnormality	part_of	alga
cell	part_of	human
mental_process	affects	alga
inorganic_chemical	affects	neoplastic_process
immunologic_factor	isa	substance
chemical	affects	mental_process
research_device	isa	manufactured_object
immunologic_factor	indicates	bacterium
gene_or_genome	part_of	cell
professional_or_occupational_group	produces	classification
organism_attribute	result_of	organ_or_tissue_function
organic_chemical	interacts_with	receptor
molecular_function	affects	fungus
pharmacologic_substance	treats	sign_or_symptom
mental_process	affects	archaeon
physiologic_function	process_of	human
laboratory_or_test_result	indicates	mental_or_behavioral_dysfunction
cell	contains	body_substance
vertebrate	isa	entity
cell_or_molecular_dysfunction	affects	animal
enzyme	affects	organ_or_tissue_function
genetic_function	process_of	neoplastic_process
food	isa	physical_object
fully_formed_anatomical_structure	location_of	experimental_model_of_disease
congenital_abnormality	affects	invertebrate
molecular_function	process_of	bird
cell_function	process_of	pathologic_function
individual_behavior	associated_with	cell_or_molecular_dysfunction
laboratory_procedure	assesses_effect_of	vitamin
group	exhibits	behavior
organism_function	result_of	physiologic_function
organ_or_tissue_function	result_of	biologic_function
organophosphorus_compound	causes	congenital_abnormality
professional_or_occupational_group	performs	therapeutic_or_preventive_procedure
disease_or_syndrome	result_of	environmental_effect_of_humans
neuroreactive_substance_or_biogenic_amine	disrupts	body_part_organ_or_organ_component
patient_or_disabled_group	uses	manufactured_object
mental_or_behavioral_dysfunction	co-occurs_with	neoplastic_process
disease_or_syndrome	process_of	fungus
geographic_area	isa	entity
experimental_model_of_disease	process_of	amphibian
natural_phenomenon_or_process	result_of	injury_or_poisoning
nucleotide_sequence	issue_in	biomedical_occupation_or_discipline
laboratory_procedure	assesses_effect_of	immunologic_factor
research_activity	measures	element_ion_or_isotope
cell_function	affects	natural_phenomenon_or_process
substance	causes	injury_or_poisoning
body_substance	consists_of	eicosanoid
diagnostic_procedure	affects	mental_process
cell_component	part_of	rickettsia_or_chlamydia
neoplastic_process	process_of	bacterium
mental_process	process_of	pathologic_function
mental_process	affects	molecular_function
cell_function	process_of	mental_process
neuroreactive_substance_or_biogenic_amine	complicates	biologic_function
governmental_or_regulatory_activity	associated_with	congenital_abnormality
organ_or_tissue_function	affects	invertebrate
sign_or_symptom	isa	entity
mental_process	produces	receptor
regulation_or_law	affects	population_group
natural_phenomenon_or_process	result_of	molecular_function
clinical_attribute	manifestation_of	physiologic_function
inorganic_chemical	interacts_with	hazardous_or_poisonous_substance
organism_function	isa	phenomenon_or_process
enzyme	causes	mental_or_behavioral_dysfunction
enzyme	causes	disease_or_syndrome
chemical_viewed_functionally	affects	molecular_function
neoplastic_process	isa	natural_phenomenon_or_process
antibiotic	complicates	cell_or_molecular_dysfunction
social_behavior	associated_with	clinical_attribute
drug_delivery_device	treats	pathologic_function
professional_or_occupational_group	exhibits	behavior
element_ion_or_isotope	interacts_with	hormone
biomedical_or_dental_material	affects	mental_or_behavioral_dysfunction
group	produces	manufactured_object
plant	issue_in	occupation_or_discipline
chemical	affects	cell_or_molecular_dysfunction
diagnostic_procedure	assesses_effect_of	organic_chemical
pharmacologic_substance	treats	congenital_abnormality
congenital_abnormality	affects	fungus
invertebrate	interacts_with	archaeon
drug_delivery_device	isa	physical_object
organism_function	affects	natural_phenomenon_or_process
organism_function	process_of	archaeon
indicator_reagent_or_diagnostic_aid	affects	organism_function
qualitative_concept	evaluation_of	educational_activity
mental_process	isa	biologic_function
neoplastic_process	process_of	rickettsia_or_chlamydia
organ_or_tissue_function	affects	molecular_function
laboratory_or_test_result	measurement_of	neuroreactive_substance_or_biogenic_amine
tissue	location_of	organism_function
biologic_function	affects	neoplastic_process
manufactured_object	causes	disease_or_syndrome
organism_attribute	measurement_of	cell_function
anatomical_abnormality	occurs_in	group
behavior	affects	social_behavior
food	affects	genetic_function
inorganic_chemical	interacts_with	neuroreactive_substance_or_biogenic_amine
receptor	complicates	organism_function
neoplastic_process	result_of	experimental_model_of_disease
anatomical_abnormality	part_of	human
patient_or_disabled_group	isa	entity
hormone	disrupts	body_part_organ_or_organ_component
educational_activity	isa	occupational_activity
carbohydrate	affects	disease_or_syndrome
carbohydrate_sequence	isa	molecular_sequence
governmental_or_regulatory_activity	issue_in	biomedical_occupation_or_discipline
age_group	produces	drug_delivery_device
classification	issue_in	occupation_or_discipline
diagnostic_procedure	analyzes	immunologic_factor
biomedical_or_dental_material	interacts_with	vitamin
molecular_function	co-occurs_with	genetic_function
receptor	complicates	physiologic_function
mental_process	result_of	cell_or_molecular_dysfunction
pharmacologic_substance	affects	biologic_function
acquired_abnormality	occurs_in	patient_or_disabled_group
cell_function	affects	cell_or_molecular_dysfunction
laboratory_procedure	diagnoses	pathologic_function
laboratory_or_test_result	manifestation_of	congenital_abnormality
organism_function	co-occurs_with	organ_or_tissue_function
tissue	location_of	fungus
chemical	ingredient_of	clinical_drug
biologically_active_substance	complicates	physiologic_function
body_part_organ_or_organ_component	part_of	plant
molecular_biology_research_technique	measures	cell_or_molecular_dysfunction
cell_component	affects	genetic_function
lipid	affects	organ_or_tissue_function
steroid	affects	cell_function
chemical_viewed_structurally	interacts_with	pharmacologic_substance
nucleic_acid_nucleoside_or_nucleotide	causes	experimental_model_of_disease
age_group	exhibits	individual_behavior
cell_or_molecular_dysfunction	co-occurs_with	congenital_abnormality
vitamin	disrupts	genetic_function
neoplastic_process	co-occurs_with	injury_or_poisoning
drug_delivery_device	treats	congenital_abnormality
mental_process	affects	organ_or_tissue_function
molecular_function	result_of	environmental_effect_of_humans
laboratory_or_test_result	evaluation_of	organism_attribute
cell_function	result_of	cell_or_molecular_dysfunction
body_location_or_region	location_of	neoplastic_process
carbohydrate	interacts_with	neuroreactive_substance_or_biogenic_amine
group	performs	research_activity
family_group	performs	governmental_or_regulatory_activity
lipid	interacts_with	hazardous_or_poisonous_substance
cell_or_molecular_dysfunction	affects	mental_process
neoplastic_process	isa	biologic_function
gene_or_genome	isa	anatomical_structure
body_space_or_junction	surrounds	cell
physiologic_function	affects	disease_or_syndrome
fungus	location_of	biologically_active_substance
receptor	complicates	mental_process
injury_or_poisoning	result_of	behavior
professional_or_occupational_group	produces	medical_device
self_help_or_relief_organization	isa	organization
laboratory_or_test_result	indicates	genetic_function
bacterium	interacts_with	human
amino_acid_peptide_or_protein	affects	physiologic_function
mental_process	co-occurs_with	physiologic_function
injury_or_poisoning	result_of	disease_or_syndrome
acquired_abnormality	affects	reptile
experimental_model_of_disease	result_of	injury_or_poisoning
laboratory_or_test_result	measurement_of	substance
clinical_attribute	result_of	experimental_model_of_disease
health_care_activity	associated_with	cell_or_molecular_dysfunction
biologically_active_substance	interacts_with	hormone
molecular_function	affects	neoplastic_process
inorganic_chemical	affects	organism_function
natural_phenomenon_or_process	process_of	cell_function
virus	location_of	immunologic_factor
cell_or_molecular_dysfunction	result_of	genetic_function
laboratory_or_test_result	measurement_of	chemical_viewed_structurally
congenital_abnormality	location_of	pathologic_function
food	ingredient_of	clinical_drug
laboratory_procedure	analyzes	immunologic_factor
patient_or_disabled_group	performs	laboratory_procedure
chemical_viewed_functionally	affects	cell_or_molecular_dysfunction
congenital_abnormality	affects	vertebrate
research_activity	associated_with	cell_or_molecular_dysfunction
pathologic_function	process_of	bird
research_activity	measures	organism_function
gene_or_genome	location_of	anatomical_abnormality
inorganic_chemical	affects	experimental_model_of_disease
pathologic_function	process_of	reptile
embryonic_structure	part_of	archaeon
neuroreactive_substance_or_biogenic_amine	disrupts	mental_process
steroid	causes	pathologic_function
pathologic_function	result_of	congenital_abnormality
experimental_model_of_disease	manifestation_of	cell_or_molecular_dysfunction
embryonic_structure	location_of	neoplastic_process
diagnostic_procedure	measures	body_substance
sign_or_symptom	evaluation_of	mental_process
experimental_model_of_disease	process_of	organism_function
organophosphorus_compound	interacts_with	eicosanoid
hormone	isa	chemical
organ_or_tissue_function	result_of	physiologic_function
steroid	affects	organ_or_tissue_function
family_group	issue_in	biomedical_occupation_or_discipline
physiologic_function	affects	fish
food	causes	disease_or_syndrome
invertebrate	interacts_with	bird
organ_or_tissue_function	process_of	virus
element_ion_or_isotope	isa	physical_object
laboratory_procedure	affects	experimental_model_of_disease
population_group	performs	occupational_activity
educational_activity	method_of	biomedical_occupation_or_discipline
organ_or_tissue_function	process_of	molecular_function
injury_or_poisoning	result_of	health_care_activity
diagnostic_procedure	diagnoses	pathologic_function
tissue	part_of	human
machine_activity	issue_in	biomedical_occupation_or_discipline
inorganic_chemical	interacts_with	pharmacologic_substance
mental_process	precedes	physiologic_function
biomedical_or_dental_material	affects	neoplastic_process
physiologic_function	process_of	reptile
population_group	performs	individual_behavior
laboratory_procedure	diagnoses	experimental_model_of_disease
chemical_viewed_structurally	affects	cell_function
neoplastic_process	manifestation_of	injury_or_poisoning
group	performs	therapeutic_or_preventive_procedure
injury_or_poisoning	result_of	mental_or_behavioral_dysfunction
molecular_function	process_of	cell_or_molecular_dysfunction
mental_process	affects	disease_or_syndrome
nucleotide_sequence	issue_in	occupation_or_discipline
laboratory_or_test_result	measurement_of	indicator_reagent_or_diagnostic_aid
temporal_concept	issue_in	occupation_or_discipline
pathologic_function	affects	cell_function
diagnostic_procedure	analyzes	antibiotic
biomedical_or_dental_material	causes	acquired_abnormality
cell_component	part_of	alga
pharmacologic_substance	disrupts	mental_process
organism_function	result_of	biologic_function
cell_function	affects	reptile
mental_or_behavioral_dysfunction	degree_of	neoplastic_process
antibiotic	isa	chemical_viewed_functionally
genetic_function	process_of	bacterium
body_part_organ_or_organ_component	location_of	neoplastic_process
embryonic_structure	location_of	bacterium
laboratory_procedure	analyzes	element_ion_or_isotope
neuroreactive_substance_or_biogenic_amine	affects	genetic_function
pathologic_function	manifestation_of	organism_function
mental_process	isa	physiologic_function
body_location_or_region	result_of	mental_process
health_care_related_organization	location_of	health_care_activity
antibiotic	causes	neoplastic_process
anatomical_abnormality	result_of	natural_phenomenon_or_process
indicator_reagent_or_diagnostic_aid	isa	chemical_viewed_functionally
experimental_model_of_disease	degree_of	mental_or_behavioral_dysfunction
chemical_viewed_structurally	issue_in	biomedical_occupation_or_discipline
body_part_organ_or_organ_component	produces	hormone
neuroreactive_substance_or_biogenic_amine	disrupts	genetic_function
congenital_abnormality	part_of	archaeon
pharmacologic_substance	interacts_with	hazardous_or_poisonous_substance
natural_phenomenon_or_process	result_of	cell_or_molecular_dysfunction
medical_device	issue_in	biomedical_occupation_or_discipline
chemical_viewed_structurally	causes	injury_or_poisoning
molecular_function	result_of	organism_function
biologic_function	result_of	genetic_function
anatomical_abnormality	occurs_in	patient_or_disabled_group
organism_attribute	property_of	fungus
physiologic_function	affects	organism_function
professional_or_occupational_group	performs	social_behavior
physiologic_function	issue_in	biomedical_occupation_or_discipline
organic_chemical	causes	disease_or_syndrome
manufactured_object	causes	pathologic_function
biologically_active_substance	interacts_with	hazardous_or_poisonous_substance
body_space_or_junction	location_of	organism_function
laboratory_procedure	measures	steroid
therapeutic_or_preventive_procedure	treats	pathologic_function
body_substance	ingredient_of	clinical_drug
laboratory_or_test_result	measurement_of	molecular_function
disease_or_syndrome	result_of	therapeutic_or_preventive_procedure
cell_function	affects	amphibian
hormone	issue_in	occupation_or_discipline
genetic_function	affects	organism
fish	interacts_with	reptile
antibiotic	interacts_with	receptor
cell_function	affects	physiologic_function
biologic_function	result_of	injury_or_poisoning
mental_or_behavioral_dysfunction	occurs_in	group
social_behavior	affects	behavior
body_substance	isa	entity
experimental_model_of_disease	complicates	injury_or_poisoning
mental_process	affects	virus
acquired_abnormality	result_of	natural_phenomenon_or_process
individual_behavior	associated_with	acquired_abnormality
physiologic_function	produces	neuroreactive_substance_or_biogenic_amine
archaeon	isa	physical_object
receptor	affects	mental_or_behavioral_dysfunction
body_substance	causes	pathologic_function
pharmacologic_substance	complicates	organ_or_tissue_function
anatomical_abnormality	affects	invertebrate
organism	isa	entity
population_group	performs	laboratory_procedure
body_substance	consists_of	steroid
cell_or_molecular_dysfunction	co-occurs_with	injury_or_poisoning
chemical	causes	pathologic_function
amino_acid_sequence	property_of	amino_acid_peptide_or_protein
body_space_or_junction	result_of	mental_process
experimental_model_of_disease	result_of	congenital_abnormality
medical_device	prevents	experimental_model_of_disease
research_activity	measures	biologic_function
body_part_organ_or_organ_component	location_of	biologic_function
self_help_or_relief_organization	carries_out	molecular_biology_research_technique
pathologic_function	complicates	disease_or_syndrome
molecular_function	result_of	phenomenon_or_process
professional_or_occupational_group	practices	biomedical_occupation_or_discipline
diagnostic_procedure	measures	chemical_viewed_functionally
hazardous_or_poisonous_substance	causes	pathologic_function
cell	location_of	fungus
self_help_or_relief_organization	produces	classification
biologic_function	result_of	natural_phenomenon_or_process
research_device	causes	neoplastic_process
pathologic_function	process_of	mental_or_behavioral_dysfunction
cell_function	produces	immunologic_factor
amphibian	interacts_with	fish
rickettsia_or_chlamydia	location_of	receptor
bacterium	interacts_with	invertebrate
organism_function	precedes	organ_or_tissue_function
human_caused_phenomenon_or_process	result_of	cell_or_molecular_dysfunction
cell_component	location_of	virus
diagnostic_procedure	affects	cell_function
amino_acid_peptide_or_protein	interacts_with	inorganic_chemical
mental_process	result_of	organ_or_tissue_function
neuroreactive_substance_or_biogenic_amine	interacts_with	immunologic_factor
receptor	issue_in	occupation_or_discipline
fully_formed_anatomical_structure	issue_in	occupation_or_discipline
organism_function	affects	mental_or_behavioral_dysfunction
lipid	isa	chemical_viewed_structurally
enzyme	interacts_with	immunologic_factor
fully_formed_anatomical_structure	isa	entity
cell_function	precedes	organism_function
congenital_abnormality	affects	mental_process
animal	issue_in	occupation_or_discipline
congenital_abnormality	affects	organ_or_tissue_function
age_group	uses	regulation_or_law
neoplastic_process	complicates	pathologic_function
organization	produces	classification
mental_process	affects	rickettsia_or_chlamydia
sign_or_symptom	evaluation_of	organ_or_tissue_function
genetic_function	produces	vitamin
immunologic_factor	indicates	rickettsia_or_chlamydia
chemical_viewed_functionally	interacts_with	hazardous_or_poisonous_substance
cell	location_of	injury_or_poisoning
governmental_or_regulatory_activity	associated_with	anatomical_abnormality
body_substance	causes	cell_or_molecular_dysfunction
pathologic_function	produces	hormone
laboratory_procedure	measures	quantitative_concept
biologic_function	process_of	archaeon
lipid	affects	natural_phenomenon_or_process
educational_activity	associated_with	acquired_abnormality
acquired_abnormality	isa	anatomical_structure
neoplastic_process	process_of	vertebrate
therapeutic_or_preventive_procedure	isa	occupational_activity
clinical_attribute	property_of	virus
cell	location_of	molecular_function
molecular_function	affects	mental_process
anatomical_abnormality	manifestation_of	pathologic_function
regulation_or_law	affects	group
social_behavior	result_of	mental_process
professional_or_occupational_group	uses	classification
intellectual_product	conceptual_part_of	diagnostic_procedure
organism_attribute	measurement_of	genetic_function
invertebrate	causes	mental_or_behavioral_dysfunction
element_ion_or_isotope	interacts_with	antibiotic
pharmacologic_substance	disrupts	cell
mental_or_behavioral_dysfunction	isa	phenomenon_or_process
chemical	affects	experimental_model_of_disease
pathologic_function	manifestation_of	mental_or_behavioral_dysfunction
laboratory_procedure	measures	amino_acid_peptide_or_protein
disease_or_syndrome	result_of	genetic_function
genetic_function	process_of	molecular_function
finding	associated_with	cell_or_molecular_dysfunction
diagnostic_procedure	isa	health_care_activity
molecular_biology_research_technique	associated_with	disease_or_syndrome
laboratory_procedure	assesses_effect_of	mental_or_behavioral_dysfunction
finding	manifestation_of	physiologic_function
organ_or_tissue_function	affects	rickettsia_or_chlamydia
experimental_model_of_disease	complicates	anatomical_abnormality
element_ion_or_isotope	interacts_with	receptor
enzyme	disrupts	genetic_function
social_behavior	isa	behavior
therapeutic_or_preventive_procedure	associated_with	experimental_model_of_disease
therapeutic_or_preventive_procedure	complicates	experimental_model_of_disease
receptor	affects	organ_or_tissue_function
laboratory_procedure	measures	body_substance
social_behavior	issue_in	occupation_or_discipline
physiologic_function	process_of	animal
anatomical_abnormality	result_of	therapeutic_or_preventive_procedure
laboratory_procedure	measures	enzyme
cell_function	process_of	experimental_model_of_disease
disease_or_syndrome	degree_of	experimental_model_of_disease
diagnostic_procedure	measures	mental_or_behavioral_dysfunction
congenital_abnormality	part_of	alga
mental_process	affects	animal
carbohydrate	affects	physiologic_function
receptor	affects	molecular_function
hazardous_or_poisonous_substance	complicates	acquired_abnormality
patient_or_disabled_group	issue_in	biomedical_occupation_or_discipline
nucleic_acid_nucleoside_or_nucleotide	causes	acquired_abnormality
molecular_function	result_of	mental_or_behavioral_dysfunction
amphibian	isa	entity
fully_formed_anatomical_structure	part_of	fish
patient_or_disabled_group	performs	social_behavior
tissue	part_of	bacterium
body_location_or_region	location_of	mental_process
cell_or_molecular_dysfunction	isa	biologic_function
sign_or_symptom	co-occurs_with	finding
manufactured_object	causes	acquired_abnormality
professional_society	location_of	molecular_biology_research_technique
acquired_abnormality	result_of	phenomenon_or_process
diagnostic_procedure	measures	antibiotic
medical_device	treats	neoplastic_process
disease_or_syndrome	result_of	behavior
genetic_function	precedes	organism_function
receptor	affects	experimental_model_of_disease
laboratory_or_test_result	evaluation_of	clinical_attribute
population_group	isa	entity
mental_process	process_of	molecular_function
amino_acid_peptide_or_protein	interacts_with	hormone
finding	associated_with	neoplastic_process
enzyme	disrupts	fully_formed_anatomical_structure
pathologic_function	result_of	individual_behavior
injury_or_poisoning	disrupts	fully_formed_anatomical_structure
inorganic_chemical	causes	disease_or_syndrome
group_attribute	isa	conceptual_entity
drug_delivery_device	treats	anatomical_abnormality
molecular_biology_research_technique	associated_with	pathologic_function
physiologic_function	process_of	rickettsia_or_chlamydia
inorganic_chemical	affects	organ_or_tissue_function
age_group	performs	therapeutic_or_preventive_procedure
human	interacts_with	archaeon
hormone	affects	mental_or_behavioral_dysfunction
idea_or_concept	result_of	mental_process
lipid	causes	cell_or_molecular_dysfunction
spatial_concept	issue_in	occupation_or_discipline
disease_or_syndrome	process_of	fish
lipid	interacts_with	eicosanoid
body_space_or_junction	location_of	molecular_function
fungus	location_of	enzyme
cell_component	produces	neuroreactive_substance_or_biogenic_amine
acquired_abnormality	result_of	organ_or_tissue_function
disease_or_syndrome	produces	hormone
biologic_function	issue_in	occupation_or_discipline
organic_chemical	interacts_with	pharmacologic_substance
mammal	interacts_with	organism
food	affects	mental_or_behavioral_dysfunction
group_attribute	property_of	group
body_part_organ_or_organ_component	produces	carbohydrate
hormone	complicates	cell_function
environmental_effect_of_humans	result_of	natural_phenomenon_or_process
pathologic_function	process_of	alga
clinical_attribute	measurement_of	genetic_function
therapeutic_or_preventive_procedure	affects	neoplastic_process
cell_function	result_of	phenomenon_or_process
mental_or_behavioral_dysfunction	issue_in	biomedical_occupation_or_discipline
neuroreactive_substance_or_biogenic_amine	complicates	mental_process
eicosanoid	causes	experimental_model_of_disease
cell_component	produces	hormone
individual_behavior	isa	activity
physiologic_function	process_of	pathologic_function
laboratory_procedure	measures	carbohydrate
laboratory_procedure	measures	cell_function
neoplastic_process	occurs_in	age_group
cell	location_of	acquired_abnormality
archaeon	issue_in	occupation_or_discipline
tissue	location_of	mental_or_behavioral_dysfunction
anatomical_abnormality	manifestation_of	cell_or_molecular_dysfunction
disease_or_syndrome	process_of	organism
molecular_function	process_of	natural_phenomenon_or_process
individual_behavior	isa	behavior
organism_function	process_of	reptile
organophosphorus_compound	affects	mental_process
lipid	affects	experimental_model_of_disease
embryonic_structure	part_of	amphibian
chemical_viewed_functionally	causes	injury_or_poisoning
diagnostic_procedure	affects	biologic_function
self_help_or_relief_organization	issue_in	biomedical_occupation_or_discipline
mental_process	result_of	behavior
cell_or_molecular_dysfunction	manifestation_of	organism_function
therapeutic_or_preventive_procedure	affects	genetic_function
mental_process	process_of	biologic_function
injury_or_poisoning	complicates	anatomical_abnormality
enzyme	complicates	physiologic_function
cell_component	produces	amino_acid_peptide_or_protein
acquired_abnormality	location_of	bacterium
diagnostic_procedure	assesses_effect_of	biologically_active_substance
congenital_abnormality	result_of	health_care_activity
age_group	uses	classification
vitamin	interacts_with	chemical
anatomical_abnormality	location_of	rickettsia_or_chlamydia
gene_or_genome	part_of	human
genetic_function	affects	neoplastic_process
experimental_model_of_disease	process_of	archaeon
carbohydrate	interacts_with	chemical
organic_chemical	causes	pathologic_function
virus	causes	experimental_model_of_disease
lipid	affects	organism_function
genetic_function	result_of	organ_or_tissue_function
experimental_model_of_disease	complicates	acquired_abnormality
anatomical_abnormality	result_of	human_caused_phenomenon_or_process
amino_acid_peptide_or_protein	causes	neoplastic_process
finding	manifestation_of	cell_or_molecular_dysfunction
neoplastic_process	manifestation_of	cell_function
acquired_abnormality	location_of	neoplastic_process
steroid	affects	genetic_function
pathologic_function	degree_of	neoplastic_process
laboratory_procedure	affects	pathologic_function
neoplastic_process	affects	fish
therapeutic_or_preventive_procedure	uses	drug_delivery_device
congenital_abnormality	part_of	plant
animal	interacts_with	human
laboratory_or_test_result	measurement_of	body_substance
body_substance	surrounds	embryonic_structure
laboratory_procedure	affects	molecular_function
injury_or_poisoning	disrupts	body_part_organ_or_organ_component
occupational_activity	isa	event
laboratory_or_test_result	evaluation_of	molecular_function
organ_or_tissue_function	affects	experimental_model_of_disease
molecular_function	result_of	biologic_function
mental_process	process_of	neoplastic_process
therapeutic_or_preventive_procedure	complicates	organism_function
receptor	disrupts	cell_component
vertebrate	issue_in	biomedical_occupation_or_discipline
group	isa	entity
laboratory_or_test_result	associated_with	congenital_abnormality
group_attribute	property_of	patient_or_disabled_group
molecular_biology_research_technique	method_of	biomedical_occupation_or_discipline
fish	exhibits	behavior
chemical_viewed_structurally	interacts_with	biomedical_or_dental_material
body_substance	consists_of	lipid
body_space_or_junction	conceptual_part_of	fully_formed_anatomical_structure
daily_or_recreational_activity	associated_with	mental_or_behavioral_dysfunction
eicosanoid	causes	pathologic_function
antibiotic	complicates	experimental_model_of_disease
chemical_viewed_structurally	affects	pathologic_function
neuroreactive_substance_or_biogenic_amine	disrupts	gene_or_genome
disease_or_syndrome	co-occurs_with	congenital_abnormality
indicator_reagent_or_diagnostic_aid	causes	pathologic_function
gene_or_genome	affects	genetic_function
bacterium	causes	disease_or_syndrome
hormone	causes	anatomical_abnormality
experimental_model_of_disease	produces	enzyme
cell	produces	nucleic_acid_nucleoside_or_nucleotide
self_help_or_relief_organization	location_of	diagnostic_procedure
body_space_or_junction	location_of	experimental_model_of_disease
organ_or_tissue_function	result_of	phenomenon_or_process
finding	evaluation_of	cell_or_molecular_dysfunction
amino_acid_peptide_or_protein	interacts_with	enzyme
environmental_effect_of_humans	result_of	congenital_abnormality
mental_process	process_of	fish
patient_or_disabled_group	exhibits	social_behavior
body_space_or_junction	location_of	biologic_function
biomedical_or_dental_material	causes	experimental_model_of_disease
pharmacologic_substance	diagnoses	pathologic_function
eicosanoid	affects	organ_or_tissue_function
neoplastic_process	process_of	organism
neuroreactive_substance_or_biogenic_amine	causes	mental_or_behavioral_dysfunction
geographic_area	issue_in	biomedical_occupation_or_discipline
molecular_biology_research_technique	associated_with	acquired_abnormality
biologically_active_substance	affects	biologic_function
laboratory_procedure	associated_with	injury_or_poisoning
laboratory_or_test_result	manifestation_of	cell_or_molecular_dysfunction
organism_function	process_of	organism
qualitative_concept	evaluation_of	occupational_activity
behavior	isa	activity
pathologic_function	isa	event
hazardous_or_poisonous_substance	affects	cell_or_molecular_dysfunction
therapeutic_or_preventive_procedure	treats	neoplastic_process
neoplastic_process	process_of	pathologic_function
immunologic_factor	affects	pathologic_function
biologically_active_substance	disrupts	genetic_function
biologically_active_substance	disrupts	molecular_function
biologic_function	produces	enzyme
organism_function	precedes	cell_function
organism_function	conceptual_part_of	temporal_concept
environmental_effect_of_humans	result_of	phenomenon_or_process
human	isa	animal
laboratory_procedure	diagnoses	neoplastic_process
acquired_abnormality	affects	rickettsia_or_chlamydia
organism_attribute	property_of	bird
cell_or_molecular_dysfunction	process_of	pathologic_function
acquired_abnormality	location_of	experimental_model_of_disease
disease_or_syndrome	result_of	cell_or_molecular_dysfunction
individual_behavior	associated_with	anatomical_abnormality
biologic_function	process_of	plant
bird	issue_in	biomedical_occupation_or_discipline
experimental_model_of_disease	affects	organism_function
reptile	interacts_with	human
pathologic_function	complicates	cell_or_molecular_dysfunction
acquired_abnormality	location_of	virus
organic_chemical	ingredient_of	clinical_drug
molecular_sequence	result_of	mental_process
element_ion_or_isotope	causes	anatomical_abnormality
mental_process	result_of	disease_or_syndrome
disease_or_syndrome	occurs_in	professional_or_occupational_group
experimental_model_of_disease	affects	mental_process
body_location_or_region	isa	conceptual_entity
hazardous_or_poisonous_substance	complicates	experimental_model_of_disease
antibiotic	diagnoses	pathologic_function
immunologic_factor	indicates	pathologic_function
molecular_function	process_of	organism_function
pathologic_function	isa	biologic_function
steroid	causes	disease_or_syndrome
organism_attribute	property_of	invertebrate
inorganic_chemical	affects	mental_or_behavioral_dysfunction
hormone	causes	neoplastic_process
mental_or_behavioral_dysfunction	result_of	genetic_function
nucleic_acid_nucleoside_or_nucleotide	causes	mental_or_behavioral_dysfunction
steroid	interacts_with	receptor
molecular_function	produces	enzyme
element_ion_or_isotope	causes	disease_or_syndrome
genetic_function	process_of	alga
medical_device	prevents	pathologic_function
diagnostic_procedure	measures	disease_or_syndrome
research_activity	measures	mental_process
body_part_organ_or_organ_component	contains	body_substance
genetic_function	affects	organ_or_tissue_function
invertebrate	causes	cell_or_molecular_dysfunction
antibiotic	isa	chemical
pathologic_function	process_of	genetic_function
diagnostic_procedure	isa	occupational_activity
molecular_function	process_of	neoplastic_process
biologically_active_substance	complicates	acquired_abnormality
therapeutic_or_preventive_procedure	uses	pharmacologic_substance
neoplastic_process	process_of	reptile
vertebrate	issue_in	occupation_or_discipline
fish	isa	organism
indicator_reagent_or_diagnostic_aid	affects	biologic_function
therapeutic_or_preventive_procedure	treats	experimental_model_of_disease
molecular_function	produces	receptor
pharmacologic_substance	causes	congenital_abnormality
physiologic_function	affects	invertebrate
diagnostic_procedure	affects	physiologic_function
organ_or_tissue_function	precedes	organism_function
body_space_or_junction	location_of	physiologic_function
mental_process	result_of	physiologic_function
biologic_function	issue_in	biomedical_occupation_or_discipline
body_part_organ_or_organ_component	produces	eicosanoid
congenital_abnormality	co-occurs_with	acquired_abnormality
health_care_related_organization	carries_out	occupational_activity
organ_or_tissue_function	process_of	invertebrate
diagnostic_procedure	affects	genetic_function
indicator_reagent_or_diagnostic_aid	affects	cell_function
chemical_viewed_functionally	interacts_with	pharmacologic_substance
gene_or_genome	part_of	animal
gene_or_genome	contains	body_substance
receptor	complicates	biologic_function
self_help_or_relief_organization	location_of	occupational_activity
machine_activity	isa	event
genetic_function	result_of	pathologic_function
acquired_abnormality	affects	cell_function
clinical_attribute	result_of	pathologic_function
physiologic_function	affects	alga
individual_behavior	issue_in	occupation_or_discipline
organism_function	precedes	genetic_function
natural_phenomenon_or_process	result_of	mental_process
molecular_function	affects	natural_phenomenon_or_process
laboratory_procedure	assesses_effect_of	indicator_reagent_or_diagnostic_aid
occupational_activity	method_of	occupation_or_discipline
body_space_or_junction	location_of	acquired_abnormality
fully_formed_anatomical_structure	produces	steroid
organic_chemical	interacts_with	antibiotic
neuroreactive_substance_or_biogenic_amine	affects	molecular_function
organism_function	process_of	organ_or_tissue_function
vitamin	disrupts	organism_function
genetic_function	result_of	cell_or_molecular_dysfunction
pharmacologic_substance	complicates	injury_or_poisoning
laboratory_procedure	isa	occupational_activity
therapeutic_or_preventive_procedure	associated_with	disease_or_syndrome
molecular_biology_research_technique	measures	quantitative_concept
organization	isa	conceptual_entity
hormone	associated_with	virus
physiologic_function	produces	hormone
cell_or_molecular_dysfunction	degree_of	disease_or_syndrome
therapeutic_or_preventive_procedure	treats	cell_or_molecular_dysfunction
social_behavior	isa	activity
hazardous_or_poisonous_substance	complicates	mental_or_behavioral_dysfunction
patient_or_disabled_group	uses	classification
neoplastic_process	complicates	injury_or_poisoning
experimental_model_of_disease	manifestation_of	organism_function
bacterium	interacts_with	mammal
patient_or_disabled_group	performs	machine_activity
hazardous_or_poisonous_substance	complicates	organ_or_tissue_function
mental_or_behavioral_dysfunction	result_of	molecular_function
body_location_or_region	conceptual_part_of	body_system
acquired_abnormality	co-occurs_with	anatomical_abnormality
genetic_function	result_of	congenital_abnormality
mental_or_behavioral_dysfunction	produces	neuroreactive_substance_or_biogenic_amine
injury_or_poisoning	disrupts	cell_function
natural_phenomenon_or_process	isa	event
congenital_abnormality	affects	reptile
steroid	affects	molecular_function
vitamin	causes	experimental_model_of_disease
nucleic_acid_nucleoside_or_nucleotide	interacts_with	element_ion_or_isotope
embryonic_structure	location_of	molecular_function
behavior	issue_in	biomedical_occupation_or_discipline
cell	produces	carbohydrate
neuroreactive_substance_or_biogenic_amine	complicates	congenital_abnormality
indicator_reagent_or_diagnostic_aid	isa	substance
genetic_function	affects	cell_or_molecular_dysfunction
physiologic_function	affects	organ_or_tissue_function
eicosanoid	causes	congenital_abnormality
sign_or_symptom	diagnoses	anatomical_abnormality
organophosphorus_compound	isa	entity
laboratory_procedure	analyzes	chemical
alga	interacts_with	bird
experimental_model_of_disease	affects	plant
embryonic_structure	part_of	reptile
cell_or_molecular_dysfunction	process_of	organism_function
molecular_function	precedes	mental_process
genetic_function	isa	natural_phenomenon_or_process
human	exhibits	social_behavior
behavior	associated_with	occupation_or_discipline
biomedical_or_dental_material	issue_in	occupation_or_discipline
neoplastic_process	affects	fungus
age_group	uses	clinical_drug
phenomenon_or_process	result_of	environmental_effect_of_humans
quantitative_concept	conceptual_part_of	therapeutic_or_preventive_procedure
sign_or_symptom	isa	finding
hormone	complicates	pathologic_function
organism_function	produces	body_substance
disease_or_syndrome	affects	natural_phenomenon_or_process
finding	issue_in	occupation_or_discipline
neuroreactive_substance_or_biogenic_amine	affects	cell_function
plant	interacts_with	organism
patient_or_disabled_group	performs	educational_activity
educational_activity	associated_with	anatomical_abnormality
diagnostic_procedure	measures	hazardous_or_poisonous_substance
pharmacologic_substance	complicates	molecular_function
fungus	location_of	neuroreactive_substance_or_biogenic_amine
experimental_model_of_disease	produces	vitamin
health_care_activity	associated_with	mental_or_behavioral_dysfunction
gene_or_genome	affects	organism_function
disease_or_syndrome	process_of	biologic_function
genetic_function	process_of	vertebrate
bacterium	location_of	immunologic_factor
antibiotic	diagnoses	experimental_model_of_disease
chemical_viewed_structurally	interacts_with	element_ion_or_isotope
physiologic_function	affects	experimental_model_of_disease
biologic_function	affects	natural_phenomenon_or_process
fungus	location_of	hormone
phenomenon_or_process	result_of	biologic_function
professional_or_occupational_group	diagnoses	cell_or_molecular_dysfunction
professional_or_occupational_group	diagnoses	mental_or_behavioral_dysfunction
genetic_function	affects	animal
cell_function	affects	vertebrate
quantitative_concept	isa	idea_or_concept
cell	part_of	bird
pharmacologic_substance	causes	acquired_abnormality
social_behavior	associated_with	group
pharmacologic_substance	complicates	cell_function
biologically_active_substance	ingredient_of	clinical_drug
disease_or_syndrome	process_of	mammal
molecular_biology_research_technique	measures	genetic_function
tissue	location_of	acquired_abnormality
mental_or_behavioral_dysfunction	process_of	organ_or_tissue_function
vitamin	affects	genetic_function
organism_function	affects	fungus
amino_acid_peptide_or_protein	affects	organ_or_tissue_function
pathologic_function	process_of	mental_process
physiologic_function	process_of	mammal
sign_or_symptom	manifestation_of	physiologic_function
antibiotic	treats	injury_or_poisoning
organ_or_tissue_function	affects	mental_process
biomedical_occupation_or_discipline	issue_in	occupation_or_discipline
genetic_function	result_of	biologic_function
vitamin	complicates	anatomical_abnormality
inorganic_chemical	isa	entity
chemical_viewed_functionally	affects	experimental_model_of_disease
environmental_effect_of_humans	result_of	genetic_function
fully_formed_anatomical_structure	produces	body_substance
cell_or_molecular_dysfunction	precedes	mental_or_behavioral_dysfunction
pathologic_function	associated_with	clinical_attribute
eicosanoid	interacts_with	hormone
individual_behavior	associated_with	group_attribute
cell_or_molecular_dysfunction	affects	human
cell_or_molecular_dysfunction	affects	vertebrate
vertebrate	interacts_with	amphibian
anatomical_abnormality	location_of	cell_or_molecular_dysfunction
organism_function	affects	physiologic_function
patient_or_disabled_group	produces	research_device
alga	interacts_with	fish
neuroreactive_substance_or_biogenic_amine	interacts_with	indicator_reagent_or_diagnostic_aid
chemical_viewed_functionally	affects	mental_or_behavioral_dysfunction
molecular_function	precedes	physiologic_function
population_group	associated_with	anatomical_abnormality
organ_or_tissue_function	issue_in	occupation_or_discipline
mental_process	affects	fish
congenital_abnormality	affects	archaeon
alga	issue_in	occupation_or_discipline
physiologic_function	produces	body_substance
disease_or_syndrome	manifestation_of	organ_or_tissue_function
organ_or_tissue_function	process_of	animal
carbohydrate	isa	chemical
molecular_function	affects	organism_function
clinical_attribute	property_of	amphibian
neoplastic_process	process_of	fungus
health_care_activity	issue_in	occupation_or_discipline
chemical	causes	neoplastic_process
professional_or_occupational_group	performs	laboratory_procedure
neoplastic_process	precedes	pathologic_function
gene_or_genome	produces	receptor
indicator_reagent_or_diagnostic_aid	causes	congenital_abnormality
gene_or_genome	produces	organic_chemical
tissue	developmental_form_of	body_part_organ_or_organ_component
mental_process	result_of	congenital_abnormality
cell_or_molecular_dysfunction	co-occurs_with	pathologic_function
congenital_abnormality	affects	physiologic_function
molecular_function	isa	natural_phenomenon_or_process
mental_or_behavioral_dysfunction	affects	vertebrate
antibiotic	treats	disease_or_syndrome
activity	isa	event
cell_or_molecular_dysfunction	result_of	neoplastic_process
physiologic_function	affects	bird
injury_or_poisoning	disrupts	embryonic_structure
anatomical_abnormality	result_of	disease_or_syndrome
physiologic_function	affects	human
pathologic_function	produces	receptor
cell_or_molecular_dysfunction	affects	amphibian
physiologic_function	process_of	organism_function
cell_function	co-occurs_with	physiologic_function
cell_or_molecular_dysfunction	complicates	congenital_abnormality
neoplastic_process	process_of	alga
alga	location_of	enzyme
chemical_viewed_structurally	affects	mental_or_behavioral_dysfunction
laboratory_procedure	analyzes	receptor
animal	isa	physical_object
research_activity	measures	chemical
organic_chemical	issue_in	biomedical_occupation_or_discipline
population_group	issue_in	biomedical_occupation_or_discipline
vitamin	disrupts	tissue
experimental_model_of_disease	co-occurs_with	acquired_abnormality
diagnostic_procedure	diagnoses	acquired_abnormality
experimental_model_of_disease	associated_with	pathologic_function
organism_function	affects	plant
laboratory_or_test_result	manifestation_of	physiologic_function
organization	produces	intellectual_product
genetic_function	result_of	anatomical_abnormality
rickettsia_or_chlamydia	issue_in	biomedical_occupation_or_discipline
neoplastic_process	affects	reptile
governmental_or_regulatory_activity	isa	occupational_activity
rickettsia_or_chlamydia	interacts_with	vertebrate
mental_process	affects	biologic_function
amino_acid_peptide_or_protein	affects	mental_or_behavioral_dysfunction
occupational_activity	associated_with	mental_or_behavioral_dysfunction
pathologic_function	process_of	physiologic_function
injury_or_poisoning	result_of	natural_phenomenon_or_process
physiologic_function	process_of	experimental_model_of_disease
sign_or_symptom	manifestation_of	mental_process
bacterium	interacts_with	animal
organism_function	process_of	virus
mental_process	affects	experimental_model_of_disease
mental_or_behavioral_dysfunction	affects	behavior
pathologic_function	manifestation_of	organ_or_tissue_function
age_group	performs	health_care_activity
cell_function	affects	invertebrate
pharmacologic_substance	interacts_with	hormone
daily_or_recreational_activity	isa	event
neoplastic_process	process_of	mental_process
organism_function	process_of	molecular_function
patient_or_disabled_group	performs	activity
physiologic_function	precedes	organism_function
acquired_abnormality	location_of	cell_or_molecular_dysfunction
phenomenon_or_process	result_of	natural_phenomenon_or_process
animal	exhibits	behavior
neuroreactive_substance_or_biogenic_amine	disrupts	embryonic_structure
eicosanoid	ingredient_of	clinical_drug
regulation_or_law	isa	entity
pathologic_function	process_of	fungus
gene_or_genome	part_of	amphibian
laboratory_or_test_result	indicates	pathologic_function
vertebrate	interacts_with	reptile
professional_society	location_of	governmental_or_regulatory_activity
chemical_viewed_structurally	isa	physical_object
cell_component	location_of	injury_or_poisoning
laboratory_procedure	analyzes	hazardous_or_poisonous_substance
pathologic_function	produces	body_substance
body_location_or_region	issue_in	occupation_or_discipline
organic_chemical	causes	acquired_abnormality
biologic_function	process_of	bird
eicosanoid	causes	anatomical_abnormality
acquired_abnormality	affects	molecular_function
molecular_biology_research_technique	issue_in	occupation_or_discipline
cell_or_molecular_dysfunction	process_of	cell_function
organophosphorus_compound	affects	natural_phenomenon_or_process
experimental_model_of_disease	result_of	natural_phenomenon_or_process
molecular_biology_research_technique	measures	lipid
hormone	complicates	injury_or_poisoning
injury_or_poisoning	complicates	neoplastic_process
anatomical_abnormality	affects	bird
cell_component	location_of	organism_function
research_device	issue_in	biomedical_occupation_or_discipline
biologic_function	affects	cell_function
diagnostic_procedure	method_of	occupation_or_discipline
daily_or_recreational_activity	issue_in	occupation_or_discipline
acquired_abnormality	result_of	experimental_model_of_disease
human_caused_phenomenon_or_process	result_of	biologic_function
indicator_reagent_or_diagnostic_aid	interacts_with	hazardous_or_poisonous_substance
neuroreactive_substance_or_biogenic_amine	disrupts	cell_component
mental_process	result_of	pathologic_function
mental_or_behavioral_dysfunction	isa	natural_phenomenon_or_process
diagnostic_procedure	measures	experimental_model_of_disease
molecular_function	process_of	physiologic_function
fully_formed_anatomical_structure	location_of	pathologic_function
fungus	interacts_with	bacterium
physiologic_function	process_of	bird
reptile	issue_in	occupation_or_discipline
acquired_abnormality	isa	entity
receptor	affects	natural_phenomenon_or_process
biologic_function	affects	organ_or_tissue_function
injury_or_poisoning	result_of	human_caused_phenomenon_or_process
organism_attribute	measurement_of	organ_or_tissue_function
cell_or_molecular_dysfunction	affects	cell_function
pathologic_function	process_of	experimental_model_of_disease
medical_device	prevents	neoplastic_process
food	causes	experimental_model_of_disease
pharmacologic_substance	affects	organ_or_tissue_function
organism_function	process_of	natural_phenomenon_or_process
food	affects	experimental_model_of_disease
acquired_abnormality	result_of	pathologic_function
pathologic_function	affects	molecular_function
gene_or_genome	produces	organophosphorus_compound
clinical_drug	causes	cell_or_molecular_dysfunction
laboratory_procedure	measures	neuroreactive_substance_or_biogenic_amine
chemical_viewed_functionally	interacts_with	receptor
body_space_or_junction	contains	body_part_organ_or_organ_component
laboratory_or_test_result	manifestation_of	organ_or_tissue_function
nucleic_acid_nucleoside_or_nucleotide	causes	neoplastic_process
organ_or_tissue_function	process_of	experimental_model_of_disease
finding	manifestation_of	genetic_function
acquired_abnormality	result_of	individual_behavior
clinical_attribute	measurement_of	cell_function
congenital_abnormality	manifestation_of	physiologic_function
population_group	exhibits	social_behavior
organophosphorus_compound	causes	neoplastic_process
biologic_function	result_of	pathologic_function
anatomical_abnormality	affects	virus
qualitative_concept	evaluation_of	therapeutic_or_preventive_procedure
environmental_effect_of_humans	issue_in	occupation_or_discipline
neuroreactive_substance_or_biogenic_amine	disrupts	cell_function
diagnostic_procedure	analyzes	biomedical_or_dental_material
pharmacologic_substance	treats	acquired_abnormality
genetic_function	process_of	mental_or_behavioral_dysfunction
pharmacologic_substance	affects	organism_function
virus	interacts_with	amphibian
inorganic_chemical	affects	physiologic_function
hormone	disrupts	fully_formed_anatomical_structure
fully_formed_anatomical_structure	part_of	rickettsia_or_chlamydia
disease_or_syndrome	co-occurs_with	anatomical_abnormality
physiologic_function	process_of	genetic_function
pathologic_function	result_of	physiologic_function
experimental_model_of_disease	result_of	organism_function
organization	carries_out	diagnostic_procedure
chemical	isa	substance
disease_or_syndrome	issue_in	occupation_or_discipline
molecular_function	occurs_in	temporal_concept
element_ion_or_isotope	affects	organ_or_tissue_function
rickettsia_or_chlamydia	isa	entity
antibiotic	isa	entity
mental_process	process_of	cell_function
vertebrate	interacts_with	human
genetic_function	occurs_in	temporal_concept
biologically_active_substance	affects	cell_or_molecular_dysfunction
tissue	conceptual_part_of	body_system
laboratory_procedure	analyzes	eicosanoid
finding	associated_with	experimental_model_of_disease
therapeutic_or_preventive_procedure	treats	injury_or_poisoning
laboratory_procedure	analyzes	biologically_active_substance
therapeutic_or_preventive_procedure	complicates	disease_or_syndrome
cell_or_molecular_dysfunction	result_of	individual_behavior
anatomical_structure	isa	entity
mental_process	process_of	animal
population_group	exhibits	behavior
body_location_or_region	isa	idea_or_concept
chemical_viewed_functionally	causes	disease_or_syndrome
individual_behavior	associated_with	professional_or_occupational_group
lipid	interacts_with	vitamin
cell_function	result_of	neoplastic_process
immunologic_factor	causes	mental_or_behavioral_dysfunction
receptor	interacts_with	indicator_reagent_or_diagnostic_aid
food	isa	substance
receptor	causes	cell_or_molecular_dysfunction
anatomical_abnormality	result_of	environmental_effect_of_humans
biologic_function	process_of	vertebrate
professional_or_occupational_group	performs	research_activity
pathologic_function	result_of	behavior
