china	warning	india
usa	tourism	india
ussr	commonbloc1	israel
brazil	independence	ussr
uk	weightedunvote	usa
israel	unweightedunvote	poland
burma	reldiplomacy	uk
israel	relstudents	usa
brazil	relngo	india
jordan	exports3	india
uk	intergovorgs	india
uk	weightedunvote	brazil
egypt	reltreaties	ussr
indonesia	officialvisits	ussr
burma	ngoorgs3	netherlands
burma	commonbloc1	poland
uk	economicaid	jordan
burma	weightedunvote	uk
cuba	commonbloc0	netherlands
netherlands	exports3	uk
jordan	relintergovorgs	brazil
usa	timesincewar	cuba
usa	blockpositionindex	egypt
israel	intergovorgs3	india
egypt	ngo	netherlands
poland	relintergovorgs	israel
ussr	relintergovorgs	poland
usa	treaties	brazil
brazil	intergovorgs	india
egypt	ngo	israel
ussr	embassy	uk
burma	commonbloc2	jordan
burma	reldiplomacy	india
indonesia	conferences	burma
uk	expeldiplomats	ussr
usa	releconomicaid	brazil
indonesia	nonviolentbehavior	cuba
india	booktranslations	usa
brazil	embassy	egypt
china	pprotests	uk
ussr	reltourism	poland
usa	intergovorgs	indonesia
india	unweightedunvote	ussr
uk	embassy	jordan
usa	releconomicaid	israel
poland	negativecomm	usa
cuba	timesinceally	ussr
israel	intergovorgs3	uk
israel	relexports	usa
israel	tourism3	uk
india	timesinceally	ussr
israel	commonbloc2	egypt
uk	booktranslations	ussr
israel	relngo	poland
usa	treaties	netherlands
uk	pprotests	usa
cuba	reltreaties	india
ussr	embassy	burma
uk	negativebehavior	india
uk	intergovorgs	netherlands
israel	commonbloc2	indonesia
poland	reldiplomacy	netherlands
ussr	tourism3	poland
egypt	reldiplomacy	china
poland	relintergovorgs	uk
egypt	commonbloc1	usa
burma	embassy	egypt
netherlands	ngo	cuba
india	intergovorgs3	uk
egypt	reltreaties	india
india	pprotests	usa
usa	economicaid	israel
uk	ngoorgs3	usa
ussr	releconomicaid	poland
jordan	ngoorgs3	brazil
ussr	blockpositionindex	israel
usa	relexports	india
burma	relngo	uk
poland	embassy	netherlands
netherlands	timesinceally	china
burma	intergovorgs3	brazil
ussr	embassy	egypt
brazil	relngo	netherlands
egypt	reltreaties	uk
uk	blockpositionindex	china
india	ngoorgs3	netherlands
egypt	ngoorgs3	poland
indonesia	students	china
china	relintergovorgs	poland
netherlands	timesinceally	egypt
china	blockpositionindex	uk
usa	timesinceally	china
indonesia	exports3	usa
china	commonbloc0	netherlands
brazil	relintergovorgs	cuba
uk	unweightedunvote	netherlands
poland	dependent	ussr
netherlands	embassy	jordan
cuba	conferences	ussr
poland	emigrants3	usa
india	relngo	usa
usa	reltourism	uk
uk	treaties	ussr
egypt	relexports	india
poland	relngo	israel
ussr	pprotests	usa
uk	relexportbooks	netherlands
uk	independence	egypt
cuba	timesinceally	netherlands
ussr	relbooktranslations	uk
brazil	commonbloc0	china
brazil	emigrants3	usa
jordan	negativecomm	israel
brazil	independence	netherlands
netherlands	relngo	usa
egypt	weightedunvote	netherlands
burma	relngo	india
brazil	exports3	netherlands
uk	independence	china
jordan	tourism3	egypt
burma	relexports	china
ussr	treaties	poland
egypt	negativebehavior	usa
india	intergovorgs	uk
ussr	conferences	burma
china	independence	uk
israel	pprotests	jordan
usa	tourism	ussr
ussr	independence	poland
ussr	economicaid	india
israel	intergovorgs	netherlands
uk	reltourism	egypt
netherlands	independence	usa
israel	ngo	poland
indonesia	commonbloc2	israel
cuba	eemigrants	usa
brazil	conferences	ussr
netherlands	timesinceally	uk
uk	intergovorgs	poland
egypt	negativecomm	usa
cuba	reltreaties	egypt
indonesia	relngo	poland
egypt	relexports	ussr
brazil	relbooktranslations	uk
egypt	relngo	netherlands
israel	unweightedunvote	uk
ussr	commonbloc1	indonesia
ussr	ngo	poland
netherlands	ngoorgs3	poland
burma	ngoorgs3	brazil
israel	intergovorgs	poland
brazil	reldiplomacy	india
netherlands	commonbloc1	indonesia
india	weightedunvote	usa
brazil	reltreaties	netherlands
netherlands	reltreaties	uk
netherlands	booktranslations	usa
ussr	blockpositionindex	jordan
cuba	blockpositionindex	usa
netherlands	conferences	uk
usa	commonbloc0	china
china	timesinceally	ussr
brazil	relngo	israel
indonesia	intergovorgs3	netherlands
jordan	commonbloc1	cuba
usa	reltourism	jordan
uk	exportbooks	burma
netherlands	reltreaties	usa
poland	commonbloc1	indonesia
ussr	timesinceally	egypt
indonesia	conferences	usa
brazil	timesinceally	china
usa	weightedunvote	burma
indonesia	reldiplomacy	burma
jordan	treaties	uk
indonesia	commonbloc2	india
usa	embassy	india
ussr	relintergovorgs	israel
egypt	relintergovorgs	uk
china	timesincewar	uk
usa	exportbooks	uk
indonesia	embassy	poland
indonesia	negativebehavior	usa
indonesia	reldiplomacy	brazil
egypt	reltreaties	indonesia
ussr	intergovorgs	poland
india	unweightedunvote	uk
india	officialvisits	burma
china	ngoorgs3	israel
cuba	conferences	india
usa	commonbloc1	india
cuba	relintergovorgs	usa
cuba	timesinceally	china
india	unoffialacts	indonesia
usa	ngoorgs3	israel
egypt	exports3	india
israel	commonbloc1	usa
cuba	intergovorgs3	israel
indonesia	ngoorgs3	usa
usa	releconomicaid	egypt
brazil	embassy	usa
israel	blockpositionindex	ussr
netherlands	embassy	burma
ussr	expeldiplomats	usa
uk	officialvisits	usa
netherlands	treaties	ussr
usa	blockpositionindex	china
jordan	reltourism	egypt
indonesia	reldiplomacy	usa
usa	embassy	netherlands
cuba	independence	brazil
poland	ngo	usa
cuba	relngo	netherlands
cuba	ngo	brazil
poland	commonbloc1	egypt
ussr	ngo	netherlands
netherlands	treaties	india
uk	negativebehavior	ussr
cuba	reltreaties	indonesia
netherlands	embassy	egypt
jordan	militaryactions	israel
china	ngoorgs3	brazil
jordan	commonbloc2	burma
netherlands	ngoorgs3	uk
usa	conferences	ussr
ussr	commonbloc2	poland
indonesia	unoffialacts	usa
burma	commonbloc2	india
cuba	commonbloc2	china
usa	independence	jordan
egypt	treaties	uk
ussr	reltreaties	china
burma	relngo	brazil
jordan	relintergovorgs	ussr
israel	ngo	india
netherlands	tourism3	israel
china	reldiplomacy	indonesia
brazil	independence	cuba
uk	relngo	netherlands
israel	negativecomm	jordan
usa	reltourism	israel
ussr	embassy	cuba
brazil	blockpositionindex	cuba
egypt	reldiplomacy	brazil
cuba	embassy	poland
burma	relbooktranslations	usa
cuba	reldiplomacy	poland
usa	negativebehavior	china
brazil	ngoorgs3	netherlands
indonesia	embassy	netherlands
india	weightedunvote	netherlands
israel	commonbloc1	ussr
ussr	reldiplomacy	netherlands
china	economicaid	indonesia
ussr	reldiplomacy	india
poland	reldiplomacy	jordan
india	ngo	poland
indonesia	reldiplomacy	india
uk	releconomicaid	jordan
india	timesinceally	egypt
netherlands	embassy	indonesia
ussr	independence	usa
india	ngo	uk
china	relexports	uk
egypt	reldiplomacy	indonesia
usa	conferences	poland
indonesia	reldiplomacy	china
jordan	conferences	egypt
brazil	relexports	uk
brazil	commonbloc1	egypt
cuba	commonbloc2	poland
usa	pprotests	ussr
indonesia	duration	china
china	boycottembargo	ussr
china	officialvisits	cuba
egypt	weightedunvote	uk
usa	boycottembargo	ussr
indonesia	conferences	ussr
china	negativebehavior	uk
india	commonbloc2	israel
brazil	intergovorgs3	cuba
india	intergovorgs3	netherlands
brazil	commonbloc1	jordan
uk	commonbloc1	egypt
india	duration	china
uk	timesinceally	poland
china	reldiplomacy	india
poland	intergovorgs3	brazil
uk	eemigrants	usa
uk	embassy	ussr
jordan	relbooktranslations	usa
egypt	timesinceally	usa
poland	militaryalliance	ussr
usa	negativebehavior	ussr
egypt	intergovorgs3	netherlands
uk	exports3	netherlands
jordan	ngoorgs3	israel
ussr	negativecomm	usa
poland	independence	cuba
jordan	embassy	usa
ussr	booktranslations	uk
brazil	timesinceally	cuba
china	independence	cuba
usa	tourism	netherlands
burma	relintergovorgs	india
brazil	ngo	uk
usa	blockpositionindex	indonesia
cuba	weightedunvote	netherlands
uk	reltourism	jordan
egypt	intergovorgs3	usa
poland	embassy	uk
egypt	militaryalliance	jordan
usa	negativecomm	china
uk	ngo	ussr
israel	timesinceally	uk
brazil	commonbloc1	burma
cuba	intergovorgs3	brazil
netherlands	blockpositionindex	poland
cuba	embassy	netherlands
ussr	weightedunvote	uk
uk	conferences	burma
egypt	reltreaties	israel
burma	conferences	uk
egypt	commonbloc1	ussr
usa	relintergovorgs	netherlands
netherlands	timesinceally	cuba
cuba	intergovorgs3	egypt
ussr	relexports	cuba
china	releconomicaid	indonesia
usa	relngo	india
china	timesinceally	uk
jordan	relstudents	egypt
brazil	reldiplomacy	egypt
china	negativebehavior	ussr
burma	reldiplomacy	usa
usa	conferences	netherlands
china	timesinceally	poland
netherlands	blockpositionindex	ussr
ussr	reldiplomacy	indonesia
israel	students	usa
uk	tourism3	usa
ussr	treaties	netherlands
netherlands	blockpositionindex	china
china	negativecomm	uk
ussr	relngo	israel
brazil	relngo	usa
jordan	duration	israel
uk	embassy	india
usa	commonbloc1	jordan
uk	students	usa
usa	embassy	poland
india	militaryalliance	usa
netherlands	independence	brazil
uk	intergovorgs3	poland
netherlands	ngoorgs3	israel
poland	treaties	ussr
ussr	weightedunvote	netherlands
egypt	timesinceally	poland
poland	booktranslations	uk
cuba	weightedunvote	uk
uk	commonbloc1	india
israel	reltreaties	uk
indonesia	embassy	egypt
uk	timesinceally	israel
uk	exportbooks	india
china	militaryactions	india
cuba	ngo	usa
indonesia	relngo	uk
india	intergovorgs	poland
india	intergovorgs3	israel
egypt	unweightedunvote	uk
usa	intergovorgs	israel
jordan	relintergovorgs	israel
jordan	reldiplomacy	ussr
uk	conferences	ussr
israel	ngoorgs3	poland
cuba	treaties	usa
cuba	conferences	brazil
india	negativebehavior	china
cuba	timesinceally	uk
israel	embassy	burma
brazil	embassy	poland
poland	intergovorgs3	egypt
israel	ngo	brazil
indonesia	accusation	china
poland	weightedunvote	usa
usa	releconomicaid	jordan
usa	economicaid	brazil
china	ngoorgs3	poland
egypt	dependent	uk
cuba	intergovorgs3	netherlands
poland	timesinceally	india
china	relngo	brazil
poland	booktranslations	ussr
uk	unweightedunvote	cuba
cuba	reldiplomacy	uk
uk	conferences	india
usa	ngo	india
egypt	relstudents	uk
indonesia	ngoorgs3	uk
ussr	timesinceally	india
netherlands	treaties	uk
usa	independence	brazil
egypt	intergovorgs	uk
uk	ngoorgs3	israel
usa	blockpositionindex	cuba
china	accusation	ussr
indonesia	officialvisits	poland
uk	exportbooks	egypt
cuba	boycottembargo	uk
jordan	relintergovorgs	burma
china	treaties	burma
usa	ngo	egypt
usa	intergovorgs	india
egypt	reldiplomacy	cuba
uk	blockpositionindex	ussr
china	embassy	netherlands
usa	relintergovorgs	brazil
brazil	timesinceally	poland
israel	exports3	usa
china	treaties	indonesia
egypt	relexports	usa
brazil	embassy	ussr
poland	relbooktranslations	usa
cuba	relngo	uk
uk	timesinceally	brazil
poland	relintergovorgs	ussr
poland	intergovorgs	uk
indonesia	intergovorgs3	uk
india	ngo	egypt
burma	relintergovorgs	poland
uk	weightedunvote	netherlands
usa	conferences	brazil
egypt	embassy	brazil
cuba	relintergovorgs	poland
china	independence	ussr
usa	commonbloc1	israel
india	commonbloc2	jordan
usa	commonbloc1	burma
cuba	intergovorgs3	india
netherlands	relstudents	usa
india	timesinceally	usa
india	relintergovorgs	usa
uk	commonbloc2	netherlands
brazil	ngoorgs3	usa
uk	negativebehavior	indonesia
usa	conferences	burma
egypt	commonbloc1	netherlands
india	blockpositionindex	ussr
cuba	officialvisits	ussr
usa	relexports	uk
cuba	weightedunvote	usa
usa	commonbloc2	uk
china	ngoorgs3	usa
indonesia	nonviolentbehavior	usa
cuba	ngoorgs3	india
india	relexports	egypt
netherlands	booktranslations	ussr
india	relngo	brazil
poland	independence	usa
china	relngo	egypt
india	eemigrants	usa
india	reltreaties	uk
india	conferences	indonesia
usa	timesincewar	china
india	commonbloc2	burma
uk	pprotests	egypt
netherlands	officialvisits	usa
burma	officialvisits	china
poland	commonbloc1	jordan
uk	weightedunvote	poland
indonesia	relbooktranslations	netherlands
jordan	intergovorgs3	egypt
burma	relexports	india
uk	tourism3	ussr
indonesia	embassy	brazil
brazil	intergovorgs	uk
china	timesinceally	cuba
netherlands	ngo	usa
israel	relbooktranslations	uk
netherlands	commonbloc2	usa
poland	relintergovorgs	india
netherlands	commonbloc1	egypt
china	treaties	cuba
india	embassy	cuba
usa	intergovorgs	ussr
poland	accusation	usa
brazil	commonbloc2	usa
uk	intergovorgs	cuba
egypt	commonbloc2	burma
ussr	ngoorgs3	egypt
cuba	relngo	poland
cuba	independence	ussr
poland	relngo	netherlands
uk	treaties	india
brazil	reltreaties	israel
ussr	reldiplomacy	uk
uk	reltourism	israel
usa	exportbooks	brazil
uk	unweightedunvote	egypt
china	eemigrants	usa
jordan	reltreaties	egypt
uk	commonbloc0	ussr
brazil	ngoorgs3	poland
china	independence	netherlands
uk	tourism	netherlands
cuba	accusation	usa
ussr	reldiplomacy	cuba
egypt	independence	cuba
jordan	commonbloc1	uk
india	intergovorgs	netherlands
india	relintergovorgs	israel
india	students	uk
cuba	reldiplomacy	ussr
china	ngoorgs3	india
egypt	relngo	india
brazil	relintergovorgs	israel
uk	commonbloc0	cuba
uk	timesinceally	netherlands
usa	officialvisits	burma
uk	independence	jordan
usa	negativebehavior	poland
poland	reldiplomacy	china
egypt	unweightedunvote	israel
china	intergovorgs3	cuba
uk	intergovorgs	indonesia
brazil	commonbloc0	cuba
india	pprotests	israel
poland	independence	brazil
uk	tourism3	netherlands
burma	conferences	india
netherlands	independence	poland
uk	unweightedunvote	poland
netherlands	ngoorgs3	brazil
india	embassy	jordan
brazil	students	usa
china	independence	usa
ussr	conferences	poland
brazil	embassy	india
india	exports3	usa
brazil	timesinceally	usa
usa	weightedunvote	egypt
poland	commonbloc1	india
usa	timesinceally	ussr
israel	unweightedunvote	ussr
burma	embassy	usa
ussr	unweightedunvote	israel
poland	ngo	netherlands
uk	relexportbooks	usa
uk	embassy	usa
poland	blockpositionindex	uk
ussr	negativebehavior	usa
israel	treaties	uk
uk	weightedunvote	egypt
egypt	intergovorgs	usa
ussr	conferences	india
cuba	independence	egypt
cuba	embassy	israel
poland	commonbloc1	israel
india	commonbloc1	cuba
indonesia	ngoorgs3	israel
netherlands	commonbloc1	israel
cuba	intergovorgs	uk
india	commonbloc1	uk
poland	relngo	usa
indonesia	relintergovorgs	poland
brazil	conferences	india
cuba	blockpositionindex	brazil
cuba	relintergovorgs	netherlands
indonesia	embassy	china
egypt	timesincewar	uk
india	accusation	uk
brazil	timesinceally	ussr
usa	duration	china
uk	ngoorgs3	netherlands
india	attackembassy	indonesia
ussr	ngoorgs3	india
ussr	treaties	uk
china	intergovorgs3	egypt
egypt	independence	ussr
usa	independence	netherlands
india	ngo	usa
jordan	commonbloc1	ussr
netherlands	embassy	brazil
israel	relexports	uk
china	relngo	poland
uk	reltourism	ussr
cuba	ngoorgs3	netherlands
poland	expeldiplomats	usa
china	independence	poland
egypt	ngo	india
usa	relintergovorgs	uk
