china	relngo	brazil
poland	booktranslations	ussr
uk	unweightedunvote	cuba
cuba	reldiplomacy	uk
uk	conferences	india
usa	ngo	india
egypt	relstudents	uk
indonesia	ngoorgs3	uk
ussr	timesinceally	india
netherlands	treaties	uk
usa	independence	brazil
egypt	intergovorgs	uk
uk	ngoorgs3	israel
usa	blockpositionindex	cuba
china	accusation	ussr
indonesia	officialvisits	poland
uk	exportbooks	egypt
cuba	boycottembargo	uk
jordan	relintergovorgs	burma
china	treaties	burma
usa	ngo	egypt
usa	intergovorgs	india
egypt	reldiplomacy	cuba
uk	blockpositionindex	ussr
china	embassy	netherlands
usa	relintergovorgs	brazil
brazil	timesinceally	poland
israel	exports3	usa
china	treaties	indonesia
egypt	relexports	usa
brazil	embassy	ussr
poland	relbooktranslations	usa
cuba	relngo	uk
uk	timesinceally	brazil
poland	relintergovorgs	ussr
poland	intergovorgs	uk
indonesia	intergovorgs3	uk
india	ngo	egypt
burma	relintergovorgs	poland
uk	weightedunvote	netherlands
usa	conferences	brazil
egypt	embassy	brazil
cuba	relintergovorgs	poland
china	independence	ussr
usa	commonbloc1	israel
india	commonbloc2	jordan
usa	commonbloc1	burma
cuba	intergovorgs3	india
netherlands	relstudents	usa
india	timesinceally	usa
india	relintergovorgs	usa
uk	commonbloc2	netherlands
brazil	ngoorgs3	usa
uk	negativebehavior	indonesia
usa	conferences	burma
egypt	commonbloc1	netherlands
india	blockpositionindex	ussr
cuba	officialvisits	ussr
usa	relexports	uk
cuba	weightedunvote	usa
usa	commonbloc2	uk
china	ngoorgs3	usa
indonesia	nonviolentbehavior	usa
cuba	ngoorgs3	india
india	relexports	egypt
netherlands	booktranslations	ussr
india	relngo	brazil
poland	independence	usa
china	relngo	egypt
india	eemigrants	usa
india	reltreaties	uk
india	conferences	indonesia
usa	timesincewar	china
india	commonbloc2	burma
uk	pprotests	egypt
netherlands	officialvisits	usa
burma	officialvisits	china
poland	commonbloc1	jordan
uk	weightedunvote	poland
indonesia	relbooktranslations	netherlands
jordan	intergovorgs3	egypt
burma	relexports	india
uk	tourism3	ussr
indonesia	embassy	brazil
brazil	intergovorgs	uk
china	timesinceally	cuba
netherlands	ngo	usa
israel	relbooktranslations	uk
netherlands	commonbloc2	usa
poland	relintergovorgs	india
netherlands	commonbloc1	egypt
china	treaties	cuba
india	embassy	cuba
usa	intergovorgs	ussr
poland	accusation	usa
brazil	commonbloc2	usa
uk	intergovorgs	cuba
egypt	commonbloc2	burma
ussr	ngoorgs3	egypt
cuba	relngo	poland
cuba	independence	ussr
poland	relngo	netherlands
uk	treaties	india
brazil	reltreaties	israel
ussr	reldiplomacy	uk
uk	reltourism	israel
usa	exportbooks	brazil
uk	unweightedunvote	egypt
china	eemigrants	usa
jordan	reltreaties	egypt
uk	commonbloc0	ussr
brazil	ngoorgs3	poland
china	independence	netherlands
uk	tourism	netherlands
cuba	accusation	usa
ussr	reldiplomacy	cuba
egypt	independence	cuba
jordan	commonbloc1	uk
india	intergovorgs	netherlands
india	relintergovorgs	israel
india	students	uk
cuba	reldiplomacy	ussr
china	ngoorgs3	india
egypt	relngo	india
brazil	relintergovorgs	israel
uk	commonbloc0	cuba
uk	timesinceally	netherlands
usa	officialvisits	burma
uk	independence	jordan
usa	negativebehavior	poland
poland	reldiplomacy	china
egypt	unweightedunvote	israel
china	intergovorgs3	cuba
uk	intergovorgs	indonesia
brazil	commonbloc0	cuba
india	pprotests	israel
poland	independence	brazil
uk	tourism3	netherlands
burma	conferences	india
netherlands	independence	poland
uk	unweightedunvote	poland
netherlands	ngoorgs3	brazil
india	embassy	jordan
brazil	students	usa
china	independence	usa
ussr	conferences	poland
brazil	embassy	india
india	exports3	usa
brazil	timesinceally	usa
usa	weightedunvote	egypt
poland	commonbloc1	india
usa	timesinceally	ussr
israel	unweightedunvote	ussr
burma	embassy	usa
ussr	unweightedunvote	israel
poland	ngo	netherlands
uk	relexportbooks	usa
uk	embassy	usa
poland	blockpositionindex	uk
ussr	negativebehavior	usa
israel	treaties	uk
uk	weightedunvote	egypt
egypt	intergovorgs	usa
ussr	conferences	india
cuba	independence	egypt
cuba	embassy	israel
poland	commonbloc1	israel
india	commonbloc1	cuba
indonesia	ngoorgs3	israel
netherlands	commonbloc1	israel
cuba	intergovorgs	uk
india	commonbloc1	uk
poland	relngo	usa
indonesia	relintergovorgs	poland
brazil	conferences	india
cuba	blockpositionindex	brazil
cuba	relintergovorgs	netherlands
indonesia	embassy	china
egypt	timesincewar	uk
india	accusation	uk
brazil	timesinceally	ussr
usa	duration	china
uk	ngoorgs3	netherlands
india	attackembassy	indonesia
ussr	ngoorgs3	india
ussr	treaties	uk
china	intergovorgs3	egypt
egypt	independence	ussr
usa	independence	netherlands
india	ngo	usa
jordan	commonbloc1	ussr
netherlands	embassy	brazil
israel	relexports	uk
china	relngo	poland
uk	reltourism	ussr
cuba	ngoorgs3	netherlands
poland	expeldiplomats	usa
china	independence	poland
egypt	ngo	india
usa	relintergovorgs	uk
burma	intergovorgs3	egypt
burma	conferences	usa
usa	officialvisits	india
ussr	ngoorgs3	brazil
india	timesinceally	uk
netherlands	commonbloc1	india
poland	unweightedunvote	uk
poland	relngo	uk
netherlands	intergovorgs	cuba
egypt	ngoorgs3	uk
uk	reltreaties	usa
egypt	reltreaties	jordan
china	pprotests	indonesia
poland	reldiplomacy	burma
cuba	timesinceally	usa
usa	accusation	china
uk	unweightedunvote	israel
egypt	severdiplomatic	uk
china	relintergovorgs	netherlands
uk	ngoorgs3	brazil
ussr	independence	netherlands
israel	relbooktranslations	ussr
indonesia	accusation	usa
israel	tourism	uk
china	blockpositionindex	usa
cuba	emigrants3	usa
poland	conferences	usa
brazil	weightedunvote	netherlands
israel	commonbloc1	poland
indonesia	relintergovorgs	netherlands
usa	ngo	uk
china	releconomicaid	egypt
poland	timesinceally	brazil
burma	commonbloc1	netherlands
egypt	negativebehavior	uk
poland	conferences	uk
israel	relintergovorgs	netherlands
indonesia	exports3	netherlands
brazil	conferences	usa
usa	relstudents	uk
ussr	nonviolentbehavior	uk
jordan	relngo	netherlands
cuba	conferences	usa
ussr	relngo	india
ussr	reldiplomacy	china
egypt	relbooktranslations	uk
egypt	relintergovorgs	brazil
indonesia	negativebehavior	netherlands
netherlands	timesincewar	indonesia
ussr	intergovorgs3	poland
burma	exports3	uk
uk	embassy	israel
poland	commonbloc0	brazil
poland	embassy	egypt
brazil	tourism	usa
india	officialvisits	ussr
ussr	relngo	uk
ussr	embassy	india
brazil	independence	china
india	ngoorgs3	uk
poland	timesinceally	netherlands
indonesia	commonbloc1	cuba
indonesia	timesincewar	netherlands
uk	embassy	china
poland	intergovorgs	netherlands
ussr	intergovorgs	netherlands
uk	militaryactions	indonesia
ussr	boycottembargo	usa
netherlands	embassy	israel
indonesia	severdiplomatic	cuba
usa	relexportbooks	netherlands
cuba	commonbloc2	ussr
israel	relngo	brazil
indonesia	conferences	india
israel	unweightedunvote	brazil
ussr	embassy	israel
netherlands	timesinceally	poland
cuba	relngo	usa
china	commonbloc1	jordan
china	negativebehavior	usa
china	reldiplomacy	egypt
burma	relintergovorgs	jordan
brazil	reldiplomacy	netherlands
ussr	conferences	cuba
brazil	reldiplomacy	indonesia
ussr	accusation	china
burma	intergovorgs3	usa
poland	embassy	china
indonesia	relexports	ussr
brazil	relintergovorgs	usa
china	ngoorgs3	netherlands
indonesia	reldiplomacy	jordan
indonesia	reldiplomacy	netherlands
netherlands	ngo	israel
netherlands	embassy	cuba
ussr	relintergovorgs	usa
cuba	reltreaties	usa
brazil	ngo	egypt
jordan	ngoorgs3	india
uk	independence	poland
china	reldiplomacy	ussr
usa	violentactions	china
egypt	booktranslations	uk
poland	unweightedunvote	india
usa	militaryactions	china
poland	booktranslations	usa
poland	independence	netherlands
ussr	economicaid	cuba
poland	ngoorgs3	india
usa	releconomicaid	india
usa	negativebehavior	indonesia
ussr	economicaid	poland
netherlands	weightedunvote	brazil
ussr	unweightedunvote	uk
israel	relintergovorgs	uk
uk	militaryalliance	netherlands
ussr	militaryalliance	poland
israel	embassy	uk
poland	reldiplomacy	ussr
ussr	relintergovorgs	netherlands
indonesia	intergovorgs	netherlands
india	weightedunvote	uk
ussr	commonbloc0	uk
cuba	embassy	egypt
uk	relemigrants	usa
netherlands	ngo	egypt
uk	reltreaties	ussr
indonesia	intergovorgs3	egypt
uk	releconomicaid	india
israel	ngoorgs3	netherlands
brazil	commonbloc1	israel
uk	intergovorgs3	egypt
israel	commonbloc1	uk
china	reldiplomacy	cuba
netherlands	relemigrants	usa
uk	treaties	jordan
indonesia	unoffialacts	china
burma	officialvisits	india
poland	timesinceally	china
netherlands	tourism	uk
brazil	treaties	usa
israel	ngo	uk
jordan	relngo	cuba
egypt	relngo	uk
indonesia	commonbloc1	poland
cuba	commonbloc1	indonesia
india	relngo	netherlands
india	relstudents	usa
poland	ngo	uk
usa	timesinceally	india
burma	commonbloc1	uk
usa	embassy	ussr
usa	blockpositionindex	burma
uk	tourism	india
china	reldiplomacy	uk
uk	conferences	netherlands
uk	militaryalliance	usa
usa	intergovorgs3	uk
israel	weightedunvote	cuba
usa	treaties	uk
usa	nonviolentbehavior	cuba
china	commonbloc2	ussr
netherlands	independence	egypt
jordan	reldiplomacy	egypt
indonesia	relbooktranslations	uk
ussr	relngo	brazil
usa	militaryalliance	indonesia
egypt	intergovorgs3	brazil
uk	ngo	egypt
jordan	relintergovorgs	usa
egypt	reldiplomacy	netherlands
usa	exportbooks	china
uk	relintergovorgs	netherlands
poland	reldiplomacy	egypt
burma	relintergovorgs	brazil
india	ngoorgs3	brazil
uk	timesincewar	egypt
poland	commonbloc2	cuba
brazil	ngo	cuba
usa	timesinceally	egypt
india	treaties	usa
usa	emigrants3	uk
israel	accusation	jordan
indonesia	relintergovorgs	usa
jordan	relngo	burma
netherlands	commonbloc2	brazil
uk	ngo	india
usa	economicaid	jordan
uk	intergovorgs3	usa
netherlands	ngo	brazil
israel	officialvisits	uk
indonesia	relngo	israel
netherlands	intergovorgs	ussr
uk	blockpositionindex	poland
egypt	blockpositionindex	usa
china	treaties	egypt
uk	commonbloc0	china
israel	unweightedunvote	egypt
egypt	conferences	jordan
ussr	blockpositionindex	egypt
ussr	weightedunvote	israel
poland	commonbloc0	uk
uk	commonbloc1	burma
usa	blockpositionindex	jordan
uk	nonviolentbehavior	usa
indonesia	commonbloc1	brazil
israel	intergovorgs	usa
poland	embassy	jordan
ussr	intergovorgs	usa
cuba	independence	china
usa	relexports	netherlands
jordan	violentactions	israel
poland	ngo	brazil
burma	exports3	indonesia
jordan	commonbloc1	poland
china	independence	brazil
netherlands	relbooktranslations	uk
jordan	accusation	israel
netherlands	intergovorgs	india
egypt	reldiplomacy	ussr
china	relngo	india
brazil	relexports	netherlands
indonesia	relintergovorgs	india
burma	intergovorgs	india
poland	intergovorgs	usa
netherlands	relexports	usa
uk	embassy	indonesia
israel	weightedunvote	netherlands
poland	embassy	india
brazil	reldiplomacy	poland
uk	unweightedunvote	burma
india	conferences	cuba
poland	intergovorgs3	usa
india	commonbloc1	usa
jordan	commonbloc2	egypt
brazil	militaryalliance	usa
jordan	pprotests	israel
ussr	officialvisits	uk
ussr	negativebehavior	uk
cuba	commonbloc1	burma
egypt	embassy	china
burma	relexports	indonesia
netherlands	independence	jordan
india	ngoorgs3	israel
usa	ngo	netherlands
india	booktranslations	uk
egypt	commonbloc2	israel
india	conferences	poland
ussr	blockpositionindex	indonesia
indonesia	relngo	brazil
netherlands	intergovorgs3	israel
ussr	reltreaties	poland
israel	blockpositionindex	usa
ussr	ngoorgs3	uk
china	pprotests	india
uk	unweightedunvote	ussr
burma	commonbloc1	cuba
burma	relexports	uk
ussr	commonbloc0	usa
brazil	intergovorgs3	uk
usa	intergovorgs3	egypt
israel	relemigrants	usa
egypt	reltreaties	brazil
ussr	officialvisits	china
egypt	timesinceally	netherlands
india	intergovorgs3	usa
israel	treaties	usa
burma	relintergovorgs	uk
israel	relintergovorgs	usa
ussr	accusation	israel
ussr	reltreaties	uk
india	timesinceally	netherlands
burma	weightedunvote	netherlands
india	embassy	ussr
china	relngo	uk
uk	ngo	netherlands
china	embassy	ussr
egypt	relstudents	usa
uk	commonbloc0	poland
israel	commonbloc2	burma
brazil	intergovorgs	usa
israel	exports3	uk
israel	ngo	usa
netherlands	weightedunvote	uk
china	militaryactions	usa
usa	commonbloc1	indonesia
brazil	ngoorgs3	uk
netherlands	eemigrants	usa
uk	treaties	poland
usa	intergovorgs3	brazil
india	embassy	china
egypt	students	usa
jordan	relngo	israel
usa	intergovorgs	uk
usa	relngo	israel
cuba	timesinceally	brazil
ussr	commonbloc2	china
indonesia	intergovorgs	india
poland	embassy	indonesia
egypt	relngo	brazil
india	commonbloc1	ussr
uk	weightedunvote	india
usa	relngo	brazil
israel	commonbloc1	china
egypt	commonbloc1	china
poland	intergovorgs3	ussr
usa	independence	uk
jordan	ngoorgs3	uk
china	timesinceally	usa
usa	tourism3	netherlands
uk	intergovorgs	usa
ussr	commonbloc0	netherlands
usa	weightedunvote	india
jordan	timesinceally	egypt
jordan	relexports	india
uk	relexports	usa
brazil	eemigrants	usa
poland	commonbloc0	netherlands
usa	ngoorgs3	india
usa	negativebehavior	cuba
uk	relintergovorgs	usa
ussr	conferences	indonesia
indonesia	reldiplomacy	cuba
poland	intergovorgs3	uk
china	relngo	israel
israel	weightedunvote	uk
poland	conferences	india
ussr	embassy	usa
ussr	relexports	poland
usa	relngo	netherlands
usa	ngoorgs3	poland
egypt	booktranslations	usa
indonesia	relexports	netherlands
indonesia	embassy	usa
uk	officialvisits	poland
brazil	intergovorgs	egypt
usa	students	uk
cuba	ngo	netherlands
jordan	students	egypt
uk	timesinceally	china
egypt	reltreaties	usa
usa	militaryalliance	israel
china	commonbloc0	usa
usa	pprotests	indonesia
indonesia	relintergovorgs	israel
china	commonbloc1	egypt
egypt	embassy	usa
ussr	intergovorgs3	netherlands
poland	students	usa
usa	intergovorgs3	india
india	relstudents	uk
cuba	relngo	egypt
netherlands	timesinceally	india
india	intergovorgs3	egypt
indonesia	negativebehavior	china
cuba	relintergovorgs	india
cuba	reldiplomacy	indonesia
uk	treaties	israel
uk	treaties	egypt
brazil	reldiplomacy	usa
ussr	unweightedunvote	netherlands
india	treaties	uk
uk	reltourism	india
china	relbooktranslations	usa
egypt	timesinceally	jordan
poland	commonbloc1	burma
jordan	blockpositionindex	ussr
ussr	relintergovorgs	uk
ussr	embassy	china
indonesia	blockpositionindex	usa
cuba	timesinceally	poland
usa	independence	egypt
poland	conferences	brazil
netherlands	commonbloc0	poland
uk	relexportbooks	burma
jordan	commonbloc2	israel
egypt	ngo	usa
netherlands	conferences	usa
poland	reldiplomacy	indonesia
india	commonbloc1	netherlands
egypt	students	uk
poland	treaties	uk
netherlands	weightedunvote	egypt
usa	blockpositionindex	israel
ussr	timesinceally	usa
israel	embassy	cuba
indonesia	commonbloc1	usa
netherlands	intergovorgs3	poland
china	relngo	usa
jordan	relstudents	usa
brazil	unweightedunvote	israel
china	intergovorgs3	uk
usa	eemigrants	uk
jordan	relngo	uk
brazil	booktranslations	uk
burma	exports3	ussr
usa	intergovorgs	cuba
indonesia	exports3	china
jordan	relintergovorgs	india
poland	relexports	uk
usa	tourism3	uk
usa	tourism	brazil
india	exports3	uk
cuba	relemigrants	usa
uk	tourism	israel
brazil	independence	usa
poland	reltreaties	usa
indonesia	embassy	jordan
burma	embassy	poland
netherlands	weightedunvote	india
poland	ngoorgs3	usa
china	commonbloc0	uk
jordan	reltreaties	uk
poland	commonbloc0	usa
jordan	relbooktranslations	uk
indonesia	relngo	netherlands
israel	relngo	uk
usa	intergovorgs3	cuba
uk	ngo	israel
jordan	eemigrants	usa
egypt	ngoorgs3	india
egypt	reldiplomacy	uk
brazil	negativebehavior	china
netherlands	intergovorgs3	brazil
egypt	relbooktranslations	usa
cuba	commonbloc0	usa
poland	timesinceally	egypt
burma	exports3	china
uk	relexports	netherlands
usa	relexportbooks	brazil
israel	relbooktranslations	usa
netherlands	intergovorgs3	uk
indonesia	relintergovorgs	uk
egypt	reldiplomacy	india
jordan	weightedunvote	usa
usa	boycottembargo	egypt
ussr	conferences	brazil
egypt	reltreaties	netherlands
uk	exportbooks	brazil
china	relbooktranslations	uk
israel	relintergovorgs	brazil
poland	intergovorgs	ussr
china	aidenemy	usa
uk	tourism	egypt
india	timesinceally	poland
ussr	aidenemy	usa
cuba	blockpositionindex	netherlands
poland	independence	china
brazil	blockpositionindex	poland
poland	independence	egypt
usa	booktranslations	cuba
brazil	ngoorgs3	india
ussr	commonbloc1	jordan
netherlands	intergovorgs3	egypt
china	warning	usa
netherlands	treaties	poland
indonesia	embassy	ussr
usa	weightedunvote	uk
usa	commonbloc2	netherlands
poland	conferences	cuba
china	commonbloc1	israel
uk	relexportbooks	brazil
egypt	embassy	indonesia
brazil	independence	egypt
ussr	unweightedunvote	india
egypt	reltreaties	cuba
india	embassy	usa
netherlands	weightedunvote	cuba
cuba	embassy	ussr
jordan	commonbloc1	brazil
uk	relexportbooks	india
brazil	weightedunvote	uk
netherlands	unweightedunvote	ussr
jordan	relintergovorgs	indonesia
india	intergovorgs	brazil
egypt	relngo	israel
poland	relngo	ussr
israel	relintergovorgs	india
usa	boycottembargo	indonesia
brazil	relbooktranslations	usa
indonesia	nonviolentbehavior	india
usa	booktranslations	ussr
burma	relngo	usa
ussr	commonbloc1	india
uk	relexportbooks	china
indonesia	negativebehavior	cuba
brazil	embassy	netherlands
china	treaties	poland
india	conferences	usa
poland	relintergovorgs	netherlands
usa	tourism	israel
indonesia	relngo	india
india	treaties	netherlands
ussr	relngo	usa
uk	intergovorgs	egypt
israel	weightedunvote	poland
usa	exportbooks	india
egypt	reldiplomacy	poland
ussr	militaryalliance	cuba
brazil	relngo	uk
india	violentactions	china
usa	ngo	cuba
china	violentactions	usa
indonesia	intergovorgs	brazil
egypt	commonbloc2	indonesia
china	commonbloc1	india
china	duration	usa
jordan	relngo	poland
ussr	releconomicaid	india
usa	relexportbooks	uk
uk	weightedunvote	burma
india	conferences	uk
cuba	timesinceally	egypt
cuba	nonviolentbehavior	usa
egypt	intergovorgs3	uk
netherlands	weightedunvote	ussr
indonesia	intergovorgs	usa
cuba	independence	poland
ussr	booktranslations	poland
india	relbooktranslations	usa
uk	relbooktranslations	ussr
egypt	exports3	usa
usa	embassy	burma
ussr	blockpositionindex	brazil
egypt	blockpositionindex	ussr
israel	booktranslations	usa
usa	exportbooks	netherlands
brazil	commonbloc0	poland
india	embassy	netherlands
uk	weightedunvote	ussr
ussr	weightedunvote	usa
brazil	ngo	usa
uk	pprotests	cuba
usa	weightedunvote	jordan
brazil	relintergovorgs	uk
usa	embassy	jordan
burma	relngo	cuba
indonesia	relexports	usa
jordan	students	usa
netherlands	booktranslations	uk
egypt	intergovorgs	india
cuba	treaties	uk
cuba	conferences	uk
brazil	nonviolentbehavior	usa
israel	ngoorgs3	india
israel	tourism3	usa
cuba	relngo	india
poland	blockpositionindex	brazil
cuba	relngo	brazil
israel	ngo	egypt
poland	lostterritory	ussr
israel	timesinceally	usa
netherlands	militaryalliance	uk
china	embassy	poland
uk	ngo	usa
egypt	expeldiplomats	uk
poland	timesinceally	usa
egypt	intergovorgs	netherlands
uk	relexportbooks	egypt
poland	eemigrants	usa
india	ngoorgs3	usa
burma	embassy	india
ussr	officialvisits	india
burma	unweightedunvote	uk
india	pprotests	china
indonesia	nonviolentbehavior	china
cuba	relngo	israel
israel	embassy	ussr
usa	conferences	cuba
china	relngo	ussr
egypt	reltreaties	china
israel	relintergovorgs	egypt
india	conferences	ussr
usa	militaryalliance	brazil
china	reldiplomacy	netherlands
poland	timesincewar	ussr
ussr	boycottembargo	uk
china	officialvisits	egypt
uk	exportbooks	usa
ussr	ngoorgs3	israel
india	ngo	brazil
china	embassy	india
poland	ngoorgs3	brazil
brazil	relintergovorgs	india
brazil	exports3	uk
brazil	commonbloc0	ussr
uk	pprotests	poland
india	exports3	ussr
china	timesincewar	usa
brazil	relstudents	usa
indonesia	violentactions	china
india	accusation	china
usa	militaryalliance	india
uk	tourism3	israel
brazil	reldiplomacy	ussr
usa	treaties	egypt
india	conferences	brazil
ussr	commonbloc0	brazil
netherlands	intergovorgs3	india
egypt	commonbloc2	jordan
egypt	relintergovorgs	usa
netherlands	weightedunvote	jordan
egypt	relexports	china
brazil	booktranslations	usa
israel	ngoorgs3	uk
israel	ngo	netherlands
indonesia	ngoorgs3	brazil
usa	economicaid	egypt
china	accusation	india
usa	unweightedunvote	uk
ussr	independence	brazil
india	intergovorgs3	indonesia
india	embassy	brazil
india	commonbloc2	indonesia
netherlands	independence	cuba
brazil	intergovorgs3	india
indonesia	relngo	egypt
usa	relngo	uk
netherlands	intergovorgs	uk
ussr	blockpositionindex	india
usa	relexportbooks	india
poland	independence	ussr
china	tourism	ussr
netherlands	intergovorgs	israel
uk	ngo	brazil
poland	embassy	ussr
uk	commonbloc2	usa
uk	ngoorgs3	poland
egypt	relngo	usa
cuba	exports3	ussr
egypt	timesinceally	china
india	dependent	uk
poland	timesinceally	cuba
netherlands	relexportbooks	usa
indonesia	intergovorgs3	usa
uk	embassy	brazil
egypt	timesinceally	uk
india	nonviolentbehavior	indonesia
uk	commonbloc1	israel
egypt	embassy	india
uk	unweightedunvote	brazil
netherlands	intergovorgs	brazil
india	intergovorgs	indonesia
usa	officialvisits	egypt
egypt	commonbloc1	poland
uk	intergovorgs3	india
uk	reltourism	usa
egypt	weightedunvote	israel
ussr	independence	cuba
netherlands	unweightedunvote	israel
poland	ngoorgs3	israel
uk	commonbloc1	indonesia
ussr	conferences	uk
poland	unweightedunvote	netherlands
usa	relbooktranslations	ussr
uk	conferences	poland
burma	embassy	uk
cuba	intergovorgs	usa
egypt	exports3	china
ussr	commonbloc2	cuba
netherlands	students	usa
india	intergovorgs	usa
brazil	relexports	usa
burma	booktranslations	usa
ussr	blockpositionindex	usa
usa	intergovorgs	brazil
brazil	commonbloc2	uk
egypt	independence	netherlands
china	relngo	netherlands
egypt	timesincewar	israel
egypt	ngoorgs3	israel
indonesia	conferences	uk
netherlands	relngo	uk
uk	intergovorgs3	israel
jordan	embassy	india
brazil	commonbloc2	netherlands
ussr	reldiplomacy	egypt
china	accusation	usa
egypt	embassy	poland
usa	intergovorgs	poland
indonesia	boycottembargo	usa
india	blockpositionindex	usa
brazil	blockpositionindex	ussr
brazil	intergovorgs	israel
poland	relngo	india
burma	relngo	indonesia
china	violentactions	india
uk	conferences	cuba
cuba	militaryalliance	ussr
jordan	embassy	egypt
ussr	accusation	usa
cuba	unweightedunvote	israel
brazil	independence	uk
cuba	intergovorgs3	usa
ussr	reltreaties	usa
cuba	exports3	uk
poland	pprotests	usa
india	timesinceally	china
burma	timesincewar	usa
indonesia	commonbloc1	uk
india	relngo	uk
israel	relintergovorgs	poland
uk	treaties	usa
uk	warning	indonesia
burma	commonbloc1	ussr
ussr	reltreaties	netherlands
jordan	ngoorgs3	egypt
indonesia	officialvisits	china
cuba	commonbloc1	jordan
jordan	timesincewar	israel
ussr	intergovorgs3	india
netherlands	militaryalliance	usa
cuba	relexports	china
israel	embassy	netherlands
poland	intergovorgs	brazil
poland	timesinceally	uk
india	ngo	israel
poland	reltreaties	china
egypt	relintergovorgs	india
brazil	reltreaties	poland
india	relngo	israel
usa	commonbloc1	egypt
indonesia	duration	uk
cuba	relintergovorgs	israel
usa	negativebehavior	india
brazil	reldiplomacy	uk
egypt	ngo	uk
india	conferences	burma
usa	independence	cuba
uk	timesincewar	burma
israel	intergovorgs3	netherlands
ussr	reldiplomacy	burma
usa	treaties	israel
indonesia	blockpositionindex	ussr
netherlands	ngo	ussr
poland	intergovorgs	india
netherlands	tourism	usa
egypt	exports3	poland
poland	exports3	ussr
brazil	conferences	cuba
jordan	relintergovorgs	egypt
israel	commonbloc2	jordan
netherlands	relexports	uk
usa	timesinceally	uk
brazil	timesinceally	india
israel	commonbloc2	india
egypt	relintergovorgs	netherlands
egypt	treaties	usa
cuba	embassy	china
ussr	reldiplomacy	poland
poland	embassy	cuba
burma	commonbloc1	usa
cuba	ngoorgs3	poland
uk	tourism	usa
israel	embassy	poland
india	unweightedunvote	israel
poland	relemigrants	usa
ussr	intergovorgs	uk
china	blockpositionindex	brazil
india	timesincewar	china
usa	commonbloc2	brazil
indonesia	negativecomm	usa
cuba	independence	netherlands
burma	relintergovorgs	cuba
burma	conferences	indonesia
ussr	ngoorgs3	poland
israel	lostterritory	jordan
poland	commonbloc2	china
brazil	ngo	netherlands
netherlands	reltourism	israel
india	negativebehavior	usa
china	reldiplomacy	poland
poland	treaties	usa
israel	commonbloc1	brazil
ussr	negativecomm	china
usa	booktranslations	netherlands
egypt	exports3	ussr
uk	timesincewar	china
usa	embassy	israel
netherlands	commonbloc1	jordan
burma	ngoorgs3	usa
uk	independence	usa
brazil	ngo	poland
uk	reltreaties	netherlands
china	timesincewar	india
israel	militaryactions	jordan
netherlands	embassy	uk
egypt	timesinceally	india
netherlands	timesinceally	ussr
uk	timesinceally	india
burma	timesincewar	uk
jordan	negativebehavior	israel
usa	nonviolentbehavior	ussr
usa	intergovorgs	netherlands
ussr	reltourism	india
indonesia	relexports	china
poland	intergovorgs3	netherlands
china	negativebehavior	indonesia
usa	officialvisits	brazil
usa	embassy	indonesia
ussr	ngoorgs3	netherlands
israel	intergovorgs	india
usa	independence	ussr
china	militaryalliance	cuba
indonesia	commonbloc1	china
india	commonbloc1	brazil
usa	intergovorgs3	israel
poland	ngo	israel
indonesia	commonbloc1	ussr
india	negativecomm	usa
egypt	intergovorgs	brazil
indonesia	booktranslations	usa
cuba	ngoorgs3	usa
china	intergovorgs3	netherlands
usa	officialvisits	ussr
brazil	ngo	india
usa	weightedunvote	poland
india	ngoorgs3	poland
netherlands	weightedunvote	israel
uk	independence	cuba
burma	relngo	netherlands
egypt	independence	poland
china	commonbloc2	cuba
cuba	reldiplomacy	netherlands
indonesia	dependent	netherlands
netherlands	weightedunvote	burma
indonesia	embassy	india
usa	reltourism	netherlands
israel	emigrants3	usa
egypt	relintergovorgs	israel
ussr	treaties	usa
ussr	negativebehavior	china
ussr	unoffialacts	usa
india	unweightedunvote	poland
brazil	timesinceally	uk
india	ngo	netherlands
china	pprotests	ussr
cuba	reldiplomacy	israel
netherlands	reltourism	uk
ussr	independence	egypt
burma	relexports	ussr
egypt	relngo	poland
usa	treaties	india
indonesia	reldiplomacy	ussr
usa	reltourism	ussr
egypt	intergovorgs	indonesia
indonesia	intergovorgs	egypt
cuba	relintergovorgs	uk
china	booktranslations	usa
china	accusation	indonesia
egypt	intergovorgs3	india
usa	commonbloc0	poland
usa	treaties	cuba
china	negativebehavior	india
uk	negativecomm	ussr
brazil	unweightedunvote	uk
usa	accusation	ussr
usa	blockpositionindex	india
jordan	dependent	uk
poland	intergovorgs3	india
china	intergovorgs3	poland
cuba	relintergovorgs	indonesia
china	nonviolentbehavior	usa
indonesia	intergovorgs3	india
netherlands	weightedunvote	poland
netherlands	independence	ussr
china	independence	jordan
indonesia	intergovorgs	uk
poland	treaties	netherlands
jordan	reldiplomacy	uk
poland	blockpositionindex	netherlands
jordan	relngo	egypt
israel	unweightedunvote	india
indonesia	reldiplomacy	poland
indonesia	relintergovorgs	brazil
uk	weightedunvote	israel
burma	booktranslations	uk
poland	accusation	china
poland	conferences	ussr
netherlands	emigrants3	usa
uk	commonbloc1	jordan
egypt	accusation	usa
uk	tourism	ussr
india	relbooktranslations	uk
burma	relintergovorgs	netherlands
jordan	embassy	uk
israel	reltreaties	usa
brazil	blockpositionindex	china
poland	embassy	burma
burma	reldiplomacy	israel
netherlands	exports3	usa
jordan	relintergovorgs	netherlands
usa	negativecomm	indonesia
indonesia	commonbloc2	jordan
egypt	embassy	netherlands
usa	tourism	jordan
usa	embassy	egypt
jordan	weightedunvote	netherlands
netherlands	ngo	poland
cuba	commonbloc0	uk
jordan	tourism	egypt
poland	blockpositionindex	usa
burma	commonbloc1	china
uk	officialvisits	ussr
netherlands	exportbooks	usa
uk	tourism	jordan
netherlands	tourism3	usa
netherlands	independence	china
ussr	independence	uk
usa	negativecomm	ussr
egypt	independence	jordan
usa	economicaid	india
uk	intergovorgs	brazil
cuba	unweightedunvote	uk
brazil	intergovorgs3	netherlands
usa	ngo	ussr
brazil	intergovorgs	indonesia
indonesia	booktranslations	uk
israel	intergovorgs	uk
ussr	tourism	poland
ussr	intergovorgs3	usa
poland	negativebehavior	usa
poland	reldiplomacy	uk
israel	duration	jordan
jordan	relngo	india
cuba	ngoorgs3	uk
uk	embassy	burma
indonesia	intergovorgs3	brazil
poland	reltreaties	netherlands
usa	ngo	israel
china	commonbloc1	burma
netherlands	commonbloc0	cuba
uk	reltourism	brazil
cuba	exports3	china
brazil	reltreaties	ussr
usa	commonbloc0	ussr
usa	conferences	india
ussr	nonviolentbehavior	usa
burma	conferences	ussr
netherlands	independence	uk
uk	unweightedunvote	india
poland	reldiplomacy	israel
jordan	relintergovorgs	uk
jordan	commonbloc1	china
cuba	commonbloc1	egypt
china	booktranslations	uk
brazil	timesinceally	egypt
usa	ngo	poland
netherlands	exportbooks	uk
burma	intergovorgs3	india
ussr	blockpositionindex	netherlands
brazil	relintergovorgs	netherlands
cuba	intergovorgs	netherlands
cuba	relintergovorgs	brazil
india	relintergovorgs	uk
uk	embassy	egypt
uk	emigrants3	usa
ussr	intergovorgs3	uk
netherlands	relbooktranslations	usa
cuba	negativebehavior	usa
burma	commonbloc2	indonesia
jordan	commonbloc2	india
burma	blockpositionindex	ussr
usa	conferences	uk
egypt	timesinceally	cuba
jordan	commonbloc1	netherlands
usa	treaties	ussr
burma	intergovorgs3	uk
cuba	commonbloc1	israel
usa	intergovorgs3	netherlands
brazil	reltreaties	uk
india	relintergovorgs	netherlands
egypt	independence	china
usa	negativecomm	cuba
china	commonbloc2	poland
china	ngoorgs3	uk
jordan	blockpositionindex	usa
poland	tourism	ussr
israel	booktranslations	uk
israel	exports3	netherlands
ussr	timesinceally	poland
uk	weightedunvote	jordan
egypt	weightedunvote	usa
poland	weightedunvote	israel
ussr	timesincewar	poland
egypt	independence	uk
israel	unweightedunvote	cuba
indonesia	relstudents	egypt
indonesia	ngoorgs3	egypt
uk	treaties	netherlands
india	nonviolentbehavior	usa
brazil	timesinceally	netherlands
brazil	intergovorgs	netherlands
poland	embassy	usa
ussr	commonbloc1	egypt
uk	commonbloc2	brazil
indonesia	relintergovorgs	egypt
indonesia	relintergovorgs	burma
netherlands	unweightedunvote	uk
netherlands	intergovorgs3	usa
